url,Специальная цена,Стоимость автомобиля,Компенсация Trade-in,Скидка при оформлении КАСКО,Скидка при покупке в кредит,Максимальная скидка,Кредит,imgs,Комплектация,Год выпуска,Тип кузова,КПП,Мощность двигателя,Объем двигателя,Двигатель,Привод,Цвет кузова,Тип усилителя,Тип двигателя,Количество цилиндров,Количество клапанов на цилиндр,Рабочий объем,Конфигурация,Максимальная мощность,Обороты максимальной мощности,Максимальный крутящий момент,Обороты максимального крутящего момента,Тип впуска,Количество мест,Длина кузова,Ширина кузова,Высота кузова,Колесная база,Колея передних колес,Колея задних колес,Дорожный просвет,Диаметр разворота,Снаряженная масса,Полная масса,Максимальная скорость,Время разгона 0-100 км/ч,Смешанный цикл,Городской цикл,Загородный цикл,Рекомендуемое топливо,Емкость топливного бака,Соответствие экологическим требованиям,Передняя подвеска,Задняя подвеска,Передние тормоза,Задние тормоза,Передние шины,Задние шины,Передние диски,Задние диски,Страна производства,Адрес,Другие варианты в наличии,Акции,Марка,Модель,Экстерьер,Комфорт,Активная безопасность и подвеска,Аудио- и информационно-развлекательные системы,Запасное колесо,Интерьер,Доступные цвета,Ссылка на салон
https://www.rolf.ru/cars/new/volkswagen/polo/stock_car524855/,,1415100,,,,,,"https://www.rolf.ru/image/MWdxeEZ5MHNVaVJnWVNnWStyeEwrUUVQaWMzV2habFoydEdWUWpzejlJMD0%3D.jpg,https://www.rolf.ru/image/MWdxeEZ5MHNVaVJnWVNnWStyeEwrWlMwNG5MblJjMEU2OXlCdmtxWDRDVT0%3D.jpg,https://www.rolf.ru/image/MWdxeEZ5MHNVaVJnWVNnWStyeEwrWDFRem51NGFaaWhLdjFnVjF4N0NTcz0%3D.jpg,https://www.rolf.ru/image/MWdxeEZ5MHNVaVJnWVNnWStyeEwrY0lUTUlOMzBmT294UVVSS29qbnBWaz0%3D.jpg,https://www.rolf.ru/image/MWdxeEZ5MHNVaVJnWVNnWStyeEwrWmVkSlF6eDlsYlR3UisrbGtXek15Yz0%3D.jpg,https://www.rolf.ru/image/MWdxeEZ5MHNVaVJnWVNnWStyeEwrVU9oNU8xckszTDRSc2cxRTEyazJmRT0%3D.jpg,https://www.rolf.ru/image/MWdxeEZ5MHNVaVJnWVNnWStyeEwrWWlvTFRyS3MzeFFna3ExOW5PakI0ST0%3D.jpg,https://www.rolf.ru/image/MWdxeEZ5MHNVaVJnWVNnWStyeEwrYU45ZkZGNUlKdWdXd3cxYnVHcFZIWT0%3D.jpg,https://www.rolf.ru/image/MWdxeEZ5MHNVaVJnWVNnWStyeEwrU2hUUWlKN2wzaEFQSnd3SVhqZXdLOD0%3D.jpg,https://www.rolf.ru/image/MWdxeEZ5MHNVaVJnWVNnWStyeEwrYkZXNTJxZ0JPMXYzTVVPUVB6Ujdpaz0%3D.jpg",Status,2021,Лифтбек,Механическая,110 л.с.,1.6 л.,Бензин,Передний привод,"Коричневый Toffee, металлик",Электрический,Бензиновый,4,4,1598,рядный/поперечное,110,5800,155,4000,,5,4469,1706,1471,2591,1460,1500,170,10800,1195,1650,195,"10,7","6,4","8,4","5,2",АИ-95,55,Евро-5,Независимая - подвеска McPherson,Полузависимая - торсионная балка,Дисковые вентилируемые,Барабанные,185/60R15,185/60R15,15X6J,15X6J,Россия,"г. Москва, 85 км МКАД, вл. 3, стр. 2","https://www.rolf.ru/cars/new/volkswagen/polo/stock_car524858/,https://www.rolf.ru/cars/new/volkswagen/polo/stock_car524866/,https://www.rolf.ru/cars/new/volkswagen/polo/stock_car528478/","https://www.rolf.ru/all/offers/rolf_servis_zapustil_onlain-igru/,https://www.rolf.ru/offers/rolf_probeg_programma_obratnogo_vykupa_avtomobilei/,https://www.rolf.ru/all/offers/wow_stavka_probeg/,https://www.rolf.ru/offers/oformite_elektronnyi_pts_v_rolf/,https://www.rolf.ru/offers/rolf_probeg_ne_mojete_opredelitsya_kakoi_avtomobil_vybrat_reshenie_est/,https://www.rolf.ru/offers/kak_kupit_avtomobil_s_probegom_ne_vyhodya_iz_doma_vse_prosto_msk/,https://www.rolf.ru/how-to-buy/",Volkswagen,Polo,"Бамперы в цвет кузова,Дневные ходовые огни,Корпуса наружных зеркал и ручки дверей окрашены в цвет кузова,Легкосплавные колеса `Tosa` 6J x 15, шины 185,Повторители сигналов поворота в боковых зеркалах заднего вида,Светодиодные задние фонари",,"Антиблокировочная система (ABS),Система ESC (система курсовой устойчивости),Система ЭРА-ГЛОНАСС",,,"3 задних подголовника с регулировкой по высоте,Атермальное остекление,Внутреннее зеркало заднего вида с автоматическим затемнением,Заднее сиденье 3-местное, спинка ассиметрично разделенная, складная,Карманы в обшивках всех дверей,Кожаная рукоятка рычага переключения передач,Кожаный рычаг ручного тормоза,Мультифункциональное кожаное рулевое колесо c функцией подогрева,Передние подголовники с регулировкой высоты,Подстаканник спереди,Тканевая обивка сидений,Хромированная отделка внутренних ручек дверей,Центральный подлокотник сзади",,https://www.rolf.ru/contacts/rolf_sever/volkswagen-center-north/
https://www.rolf.ru/cars/new/toyota/c_hr/stock_car526496/,,2152000,,,,,,"https://www.rolf.ru/image/MWdxeEZ5MHNVaVJnWVNnWStyeEwrVno5RUw5UEJLanNwbmhEa3BLYmJHcz0%3D.jpg,https://www.rolf.ru/image/MWdxeEZ5MHNVaVJnWVNnWStyeEwrUUdiNnJCUWhWSjdrbWtueTFFV05rVT0%3D.jpg,https://www.rolf.ru/image/MWdxeEZ5MHNVaVJnWVNnWStyeEwrWjNOUnAwRUJjYkg3NW0rY3FLQUNUOD0%3D.jpg,https://www.rolf.ru/image/MWdxeEZ5MHNVaVJnWVNnWStyeEwrWHZQdVRqWGhZWDh1U0dZcjhvSUlaaz0%3D.jpg,https://www.rolf.ru/image/MWdxeEZ5MHNVaVJnWVNnWStyeEwrWEtsR1JqZC9KcDNUQzdnR2xMVm5kUT0%3D.jpg,https://www.rolf.ru/image/MWdxeEZ5MHNVaVJnWVNnWStyeEwrUXd5Y1E1V3F1c24xaU9XOTVvdHZWbz0%3D.jpg,https://www.rolf.ru/image/MWdxeEZ5MHNVaVJnWVNnWStyeEwrVEZVcEJOU2RrYzlDMGRCMXVIVzlHdz0%3D.jpg,https://www.rolf.ru/image/MWdxeEZ5MHNVaVJnWVNnWStyeEwrWWY2bWpIZWhGS0dkRmxVNjlxa21CST0%3D.jpg,https://www.rolf.ru/image/MWdxeEZ5MHNVaVJnWVNnWStyeEwrV1pxN2djVTVVTE5DMzN1cGFwcVJHND0%3D.jpg,https://www.rolf.ru/image/MWdxeEZ5MHNVaVJnWVNnWStyeEwrY1lPTFhBdmNBeWU0dHNNbkZwTFJ1WT0%3D.jpg",Hot NEW,2021,Кроссовер,Автоматическая,148 л.с.,2.0 л.,Бензин,Передний привод,оранжевый металлик,Электрический,Бензин инжектор,4,4,1987,Рядный,148,6000,189,3800,,5,4360,1795,1565,2640,1550,1570,160,,1495,1960,195,11,"6,9","8,8","5,8",бензин,50,Евро-5,,,Дисковые вентилируемые,Дисковые,215/60R17,215/60R17,17X17J,17X17J,Турция,"г. Москва, 39 км МКАД, вл. 7","https://www.rolf.ru/all/offers/rolf_servis_zapustil_onlain-igru/,https://www.rolf.ru/offers/rolf_probeg_programma_obratnogo_vykupa_avtomobilei/,https://www.rolf.ru/all/offers/wow_stavka_probeg/,https://www.rolf.ru/offers/oformite_elektronnyi_pts_v_rolf/,https://www.rolf.ru/offers/rolf_probeg_ne_mojete_opredelitsya_kakoi_avtomobil_vybrat_reshenie_est/,https://www.rolf.ru/offers/kak_kupit_avtomobil_s_probegom_ne_vyhodya_iz_doma_vse_prosto_msk/,https://www.rolf.ru/how-to-buy/","https://www.rolf.ru/all/offers/rolf_servis_zapustil_onlain-igru/,https://www.rolf.ru/offers/rolf_probeg_programma_obratnogo_vykupa_avtomobilei/,https://www.rolf.ru/all/offers/wow_stavka_probeg/,https://www.rolf.ru/offers/oformite_elektronnyi_pts_v_rolf/,https://www.rolf.ru/offers/rolf_probeg_ne_mojete_opredelitsya_kakoi_avtomobil_vybrat_reshenie_est/,https://www.rolf.ru/offers/kak_kupit_avtomobil_s_probegom_ne_vyhodya_iz_doma_vse_prosto_msk/,https://www.rolf.ru/how-to-buy/",Toyota,C-HR,"задние датчики парковки,легкосплавные колесные диски,обогрев передних сидений,омыватель фар,передние противотуманные фары,светодиодные дневные ходовые огни,светодиодные фары ближнего и дальнего света (До производства август 2021),система головного освещения с автоматическим отключением 'Follow me home'","Камера заднего вида ( до производства август 2020),датчик дождя,датчик света,датчики давления в шинах с производства января 2020,двухзонный климат-контроль,интеллектуальная система доступа в автомобиль и запуск двигателя нажатием кнопки Smart Entry & Push Start,круиз-контроль до производства декабря 2019,мультимедийная система нового поколения MM'19 с поддержкой Apple Carplay и Android Auto ( с производства июня 2021),обивка сидений тканью,обогрев рулевого колеса,передние датчики парковки,передние и задние электростеклоподъемники с функцией 'Auto',регулировка рулевой колонки по вылету и наклону,система помощи при подъеме по склону (HAC),складываемый второй ряд сидений в пропорции 60:40,центральный подлокотник,электрообогрев лобового стекла в зоне стеклоочистителей,электроусилитель рулевого управления (EPS)","боковые подушки безопасности,система курсовой устойчивости VSC+: (VSC-EPS),шторки безопасности для всех рядов сидений,электронная система распределения тормозных усилий (EBD)","9” цветной LCD дисплей на центральной консоли,USB разъем,коммуникационная система Bluetooth,цветной дисплей на панели приборов TFT 4.2''",неполноразмерное запасное колесо (докатка),,,https://www.rolf.ru/contacts/rolf_yasenevo/yasenevo_toyota/
https://www.rolf.ru/cars/new/toyota/camry/stock_car526038/,3121000,3151000,,,,,,"https://www.rolf.ru/image/MWdxeEZ5MHNVaVJnWVNnWStyeEwrY1Fqa3hnelJkbFl1Nnh5MGNibFl6UT0%3D.jpg,https://www.rolf.ru/image/MWdxeEZ5MHNVaVJnWVNnWStyeEwrYWRFNlpUMHp1OHVrQ2Ryci9pb3BVcz0%3D.jpg,https://www.rolf.ru/image/MWdxeEZ5MHNVaVJnWVNnWStyeEwrVjFpbUdqbjRCK04rWjk5RFNOZXA3UT0%3D.jpg,https://www.rolf.ru/image/MWdxeEZ5MHNVaVJnWVNnWStyeEwrZU1oOTdRWU1xbWc0WXlqTjg1eUFLbz0%3D.jpg,https://www.rolf.ru/image/MWdxeEZ5MHNVaVJnWVNnWStyeEwrUnE5RDJCUUF4TExaSDNaSS9tMEhMUT0%3D.jpg,https://www.rolf.ru/image/MWdxeEZ5MHNVaVJnWVNnWStyeEwrUWhyb1pqS2lkQjROTjAzQi9XbnEvUT0%3D.jpg,https://www.rolf.ru/image/MWdxeEZ5MHNVaVJnWVNnWStyeEwrWHU2b3RzbTVWa3V4b2UrNUQzVFFBUT0%3D.jpg,https://www.rolf.ru/image/MWdxeEZ5MHNVaVJnWVNnWStyeEwrZDNrR3hrRThVUEFMRGd2bHQzUnBzbz0%3D.jpg,https://www.rolf.ru/image/MWdxeEZ5MHNVaVJnWVNnWStyeEwrZDFaMVV5UERUaE1FRzk2WjZRaDdSaz0%3D.jpg,https://www.rolf.ru/image/MWdxeEZ5MHNVaVJnWVNnWStyeEwrWWpuVTBMNXcwekZHRkZDbE50NCtPMD0%3D.jpg",Executive Safety,2021,Седан,Автоматическая,249 л.с.,3.5 л.,Бензин,Передний привод,Белый перламутр,Электрический,Бензин инжектор,6,6,3456,V-образное,249,,356,4700,Инжектор,5,2030,1535,1185,2825,1580,1600,155,,1690,2100,220,"7,7","8,7","12,5","6,4",Бензин,60,Евро-6,Независимая - подвеска McPherson,Независимая - подвеска на двойных поперечных рычагах,Дисковые вентилируемые,Дисковые,235/45R18,235/45R18,18X18J,18X18J,Россия,"г. Москва, 39 км МКАД, вл. 7","https://www.rolf.ru/cars/new/toyota/camry/stock_car528052/,https://www.rolf.ru/cars/new/toyota/camry/stock_car525575/,https://www.rolf.ru/cars/new/toyota/camry/stock_car523033/","https://www.rolf.ru/all/offers/rolf_servis_zapustil_onlain-igru/,https://www.rolf.ru/offers/rolf_probeg_programma_obratnogo_vykupa_avtomobilei/,https://www.rolf.ru/all/offers/wow_stavka_probeg/,https://www.rolf.ru/offers/oformite_elektronnyi_pts_v_rolf/,https://www.rolf.ru/offers/rolf_probeg_ne_mojete_opredelitsya_kakoi_avtomobil_vybrat_reshenie_est/,https://www.rolf.ru/offers/kak_kupit_avtomobil_s_probegom_ne_vyhodya_iz_doma_vse_prosto_msk/,https://www.rolf.ru/how-to-buy/",Toyota,Camry,"2 USB разъема для зарядки мобильных устройств пассажиров второго ряда,USB разъем для воспроизведения медиа файлов и зарядки мобильных устройств на центральной консоли,антенна 'Плавник акулы',зеркала заднего вида с обогревом,легкосплавные колесные диски,нижняя решетка радиатора цвета тёмно-серый металлик,омыватель фар,передние и задние брызговики месяц производства – Декабрь 2020,ручки дверей с хромированной накладкой,светодиодные дневные ходовые огни,светодиодные фары ближнего и дальнего света (До производства август 2021)","cистема помощи при выезде с парковки задним ходом с функцией визуального оповещения (RCTA),Электромеханический стояночный тормоз с функцией автоматической активации,беспроводное зарядное устройство,боковые зеркала заднего вида с повторителями указателей поворота,боковые зеркала заднего вида с электрорегулировкой и электроприводом складывания,вентиляция передних сидений,датчик дождя,датчик света,дополнительные воздуховоды для второго ряда сидений,задние и передние датчики парковки,запуск двигателя кнопкой Push Start,индикатор низкого уровня омывающей жидкости,ионизатор воздуха Nano-e,кожаная обивка селектора управления трансмиссией,мультифункциональное рулевое колесо,обивка сидений кожей,память водительского сиденья, зеркал и рулевой колонки в 2 положениях,передние и задние электростеклоподъемники с функцией 'Auto',подогрев задних сидений,подогрев передних сидений,рулевое колесо с кожаной обивкой,рулевое колесо с подогревом,салонное зеркало заднего вида с электрохромным покрытием,сигнализация с датчиками открытия дверей и капота,сиденье водителя с электрорегулировкой поясничной опоры,система контроля и информирования об усталости водителя,система мониторинга давления в шинах,система мониторинга слепых зон (BSM),система оповещения о смене полосы движения (LDA),система помощи при подъеме по склону (HAC),солнцезащитная шторка заднего стекла с электроприводом,солнцезащитные шторки на стеклах задних дверей,трехзонный климат-контроль,электрообогрев лобового стекла,электрообогрев форсунок стеклоомывателя,электропривод регулировки водительского сиденья в 8 направлениях,электрорегулировка рулевой колонки по вылету и по наклону,электрорегулировка сидений второго ряда в 2-х направлениях разделенные в пропорции 40:20:40,электроусилитель рулевого управления (EPS)","Конструкция передних сидений снижающая вероятность травмы шеи (технология WIL),боковые подушки безопасности для первого и второго ряда сидений,коленная подушка безопасности водителя,шторки безопасности","7' цветной многофункциональный дисплей на панели приборов,9 динамиков аудиосистемы (включая сабвуфер),аудио разъем (AUX),коммуникационная система Bluetooth,мультимедийная система CY'17 с 8' цветным дисплеем и навигационной системой",,,,https://www.rolf.ru/contacts/rolf_yasenevo/yasenevo_toyota/
https://www.rolf.ru/cars/new/toyota/camry/stock_car528739/,2391000,2421000,,,,,,"https://www.rolf.ru/image/MWdxeEZ5MHNVaVJnWVNnWStyeEwrZm1yYVRoU2dGc1dTeDJmWUJaay9WUT0%3D.jpg,https://www.rolf.ru/image/MWdxeEZ5MHNVaVJnWVNnWStyeEwrU0t3ZnNZTzN4am5pd3VoTFlWMCtOQT0%3D.jpg,https://www.rolf.ru/image/MWdxeEZ5MHNVaVJnWVNnWStyeEwrWVhqaEJZZlg0cTc2MDhrVC9kU1piMD0%3D.jpg,https://www.rolf.ru/image/MWdxeEZ5MHNVaVJnWVNnWStyeEwrV0ZOa1FqODVMREloT1p3YXZvVHc4Zz0%3D.jpg,https://www.rolf.ru/image/MWdxeEZ5MHNVaVJnWVNnWStyeEwrUXV5U1k1bG04dUtxWEtZNnJnQ1I4MD0%3D.jpg,https://www.rolf.ru/image/MWdxeEZ5MHNVaVJnWVNnWStyeEwrUkU5Q1ZZNzNLWjhaTHBibjFCSnJrcz0%3D.jpg",Classic 2.5 New,2021,Седан,Автоматическая,200 л.с.,2.5 л.,Бензин,Передний привод,Белый перламутр,Электрический,Бензин инжектор,4,4,2487,Рядное,200,6600,243,4000,,5,4885,1840,1455,2825,1590,1610,155,6,1555,2030,210,,"6,8","9,3","5,4",Бензин,60,Евро-6,Независимая - подвеска McPherson,Независимая - многорычажная,Дисковые вентилируемые,Дисковые,215/55R17,215/55R17,17X17J,17X17J,Россия,"г. Москва, 39 км МКАД, вл. 7","https://www.rolf.ru/cars/new/toyota/camry/stock_car528052/,https://www.rolf.ru/cars/new/toyota/camry/stock_car525575/,https://www.rolf.ru/cars/new/toyota/camry/stock_car523033/","https://www.rolf.ru/all/offers/rolf_servis_zapustil_onlain-igru/,https://www.rolf.ru/offers/rolf_probeg_programma_obratnogo_vykupa_avtomobilei/,https://www.rolf.ru/all/offers/wow_stavka_probeg/,https://www.rolf.ru/offers/oformite_elektronnyi_pts_v_rolf/,https://www.rolf.ru/offers/rolf_probeg_ne_mojete_opredelitsya_kakoi_avtomobil_vybrat_reshenie_est/,https://www.rolf.ru/offers/kak_kupit_avtomobil_s_probegom_ne_vyhodya_iz_doma_vse_prosto_msk/,https://www.rolf.ru/how-to-buy/",Toyota,Camry,"2 USB разъема для зарядки мобильных устройств пассажиров второго ряда,Антенна «плавник акулы»,Боковые зеркала заднего вида, окрашенные в цвет кузова,Светодиодные передние противотуманные фары,омыватель фар,передние и задние брызговики,ручки дверей окрашенные в цвет кузова,светодиодные дневные ходовые огни,светодиодные задние фонари,светодиодные фары ближнего и дальнего света (До производства август 2021)","Коммуникационная система Bluetooth ©,датчик дождя,датчик света,двухзонный климат-контроль,дополнительные воздуховоды для второго ряда сидений,задние и передние датчики парковки,запуск двигателя кнопкой Push Start,индикатор низкого уровня омывающей жидкости,камера заднего вида со статичными линиями разметки,кожаная обивка селектора управления трансмиссией,механическая регулировка пассажирского сидения в 4 направлениях,мультифункциональное рулевое колесо,обивка сидений кожей,передние и задние электростеклоподъемники с функцией 'Auto',подогрев передних сидений,регулировка рулевой колонки по вылету и наклону,рулевое колесо с кожаной обивкой,сигнализация с датчиками открытия дверей и капота,сиденье водителя с электрорегулировкой поясничной опоры,сиденья второго ряда, складывающиеся в пропорции 60:40 (с производства сентября 2021 ),система помощи при подъеме по склону (HAC),электропривод регулировки водительского сиденья в 8 направлениях,электроусилитель рулевого управления (EPS),электрохромное зеркало заднего вида","Антиблокировочная система (ABS) с электронным распределением тормозных усилий (EBD),Конструкция передних сидений снижающая вероятность травмы шеи (технология WIL),шторки безопасности","4,2' цветной многофункциональный дисплей на панели приборов,7' дисплей мультимедийной системы,USB разъем для воспроизведения медиафайлов",Неполноразмерное запасное колесо,Полиуретановый коврик багажного отделения,,https://www.rolf.ru/contacts/rolf_yasenevo/yasenevo_toyota/
https://www.rolf.ru/cars/new/toyota/camry/stock_car525572/,2516000,2546000,,,,,,"https://www.rolf.ru/image/MWdxeEZ5MHNVaVJnWVNnWStyeEwrVVRtYVU5Wkd1c1VDbUFNTU1seE44QT0%3D.jpg,https://www.rolf.ru/image/MWdxeEZ5MHNVaVJnWVNnWStyeEwrU2FvY1JWZk9GQ1hObm8xQ2JGekttND0%3D.jpg,https://www.rolf.ru/image/MWdxeEZ5MHNVaVJnWVNnWStyeEwrVjNTbWdKNHVsd3o3ZStYOVlNcWUzQT0%3D.jpg,https://www.rolf.ru/image/MWdxeEZ5MHNVaVJnWVNnWStyeEwrWkVjTHV2eVREV3FNQTRPSXlrakJJST0%3D.jpg,https://www.rolf.ru/image/MWdxeEZ5MHNVaVJnWVNnWStyeEwrU1F0dHpwZFQ4azZSN2U2RHhuNGF3ND0%3D.jpg,https://www.rolf.ru/image/MWdxeEZ5MHNVaVJnWVNnWStyeEwrYWFVOFgxeVNDVXNFUWtmanNkbm11dz0%3D.jpg,https://www.rolf.ru/image/MWdxeEZ5MHNVaVJnWVNnWStyeEwrZTJuODhQY29IM1BMRThTdW5HRzMrTT0%3D.jpg,https://www.rolf.ru/image/MWdxeEZ5MHNVaVJnWVNnWStyeEwrZXJKR3lkeWJpMzY0QmdvbGRab3haUT0%3D.jpg",GR-S 2.5 New,2021,Седан,Автоматическая,200 л.с.,2.5 л.,Бензин,Передний привод,Белый перламутр с крышей черного цвета,Электрический,Бензин инжектор,4,4,2487,Рядное,200,6600,243,4000,,5,4885,1840,1455,2825,1590,1610,155,6,1555,2030,210,,"6,8","9,3","5,4",Бензин,60,Евро-6,Независимая - подвеска McPherson,Независимая - многорычажная,Дисковые вентилируемые,Дисковые,235/45R18,235/45R18,18X18J,18X18J,Россия,"г. Москва, 39 км МКАД, вл. 7","https://www.rolf.ru/cars/new/toyota/camry/stock_car528052/,https://www.rolf.ru/cars/new/toyota/camry/stock_car525575/,https://www.rolf.ru/cars/new/toyota/camry/stock_car523033/","https://www.rolf.ru/all/offers/rolf_servis_zapustil_onlain-igru/,https://www.rolf.ru/offers/rolf_probeg_programma_obratnogo_vykupa_avtomobilei/,https://www.rolf.ru/all/offers/wow_stavka_probeg/,https://www.rolf.ru/offers/oformite_elektronnyi_pts_v_rolf/,https://www.rolf.ru/offers/rolf_probeg_ne_mojete_opredelitsya_kakoi_avtomobil_vybrat_reshenie_est/,https://www.rolf.ru/offers/kak_kupit_avtomobil_s_probegom_ne_vyhodya_iz_doma_vse_prosto_msk/,https://www.rolf.ru/how-to-buy/",Toyota,Camry,"2 USB разъема для зарядки мобильных устройств пассажиров второго ряда,Антенна «плавник акулы»,Накладка на передний бампер с красными акцентами,Светодиодные передние противотуманные фары,Чёрный аэродинамический спойлер на крышке багажника,Эмблема GR Sport,нижняя решетка радиатора цвета тёмно-серый металлик,омыватель фар,передние и задние брызговики,ручки дверей окрашенные в цвет кузова,светодиодные дневные ходовые огни,светодиодные фары ближнего и дальнего света (До производства август 2021)","18' легкосплавные колёсные диски с шинами 235,Коммуникационная система Bluetooth ©,датчик дождя,датчик света,двухзонный климат-контроль,дополнительные воздуховоды для второго ряда сидений,задние и передние датчики парковки,запуск двигателя кнопкой Push Start,индикатор низкого уровня омывающей жидкости,камера заднего вида с динамической разметкой,кожаная обивка селектора управления трансмиссией,механическая регулировка пассажирского сидения в 4 направлениях,мультифункциональное рулевое колесо,обивка сидений кожей,обогрев рулевого колеса,передние и задние электростеклоподъемники с функцией 'Auto',подогрев задних сидений,подогрев передних сидений,подсветка органов управления, дверных ручек, перчаточного ящика, зоны ног водителя и переднего пассажира,регулировка рулевой колонки по вылету и наклону,рулевое колесо с кожаной обивкой,сигнализация с датчиками открытия дверей и капота,сиденье водителя с электрорегулировкой поясничной опоры,сиденья второго ряда, складывающиеся в пропорции 60:40 (с производства сентября 2021 ),система помощи при подъеме по склону (HAC),электрообогрев лобового стекла,электрообогрев форсунок стеклоомывателя,электропривод регулировки водительского сиденья в 8 направлениях,электроусилитель рулевого управления (EPS),электрохромное зеркало заднего вида","Антиблокировочная система (ABS) с электронным распределением тормозных усилий (EBD),Конструкция передних сидений снижающая вероятность травмы шеи (технология WIL),коленная подушка безопасности водителя,шторки безопасности","4,2' цветной многофункциональный дисплей на панели приборов,9' дисплей мультимедийной системы,USB разъем для воспроизведения медиафайлов",Неполноразмерное запасное колесо,"Кнопка запуска с логотипом GR Sport,Накладки на пороги GR Sport,Полиуретановый коврик багажного отделения","#ff0000 https://www.rolf.ru/cars/new/toyota/camry/stock_car523033/,#ffffff https://www.rolf.ru/cars/new/toyota/camry/stock_car523044/",https://www.rolf.ru/contacts/rolf_yasenevo/yasenevo_toyota/
https://www.rolf.ru/cars/new/skoda/novyi_rapid/stock_car524083/,1185000,1750000,125000,10000,430000,565000,от 29 034 ₽/мес.,"https://www.rolf.ru/image/MWdxeEZ5MHNVaVJnWVNnWStyeEwrU1BDZTh2NTBCai83NUJXbzFEVUQ4RT0%3D.jpg,https://www.rolf.ru/image/MWdxeEZ5MHNVaVJnWVNnWStyeEwrWWJNUXN0NFJJbVV2c2lEYk9Xa2NGaz0%3D.jpg,https://www.rolf.ru/image/MWdxeEZ5MHNVaVJnWVNnWStyeEwrWnFjczJnRGFsV01kSDhGc1MzbThDbz0%3D.jpg,https://www.rolf.ru/image/MWdxeEZ5MHNVaVJnWVNnWStyeEwrUWZ5dFFkU0ZFZFh3UmNlMXNYbmJZWT0%3D.jpg,https://www.rolf.ru/image/MWdxeEZ5MHNVaVJnWVNnWStyeEwrWlYvSkVIK2JvVGhaSEJqcXRCclQ0ND0%3D.jpg,https://www.rolf.ru/image/MWdxeEZ5MHNVaVJnWVNnWStyeEwrVXV2bG1yOTlNellCeU9teU5FNTR1dz0%3D.jpg,https://www.rolf.ru/image/MWdxeEZ5MHNVaVJnWVNnWStyeEwrVTRKWWgvOERSeWxzZVhjY1FocVk1MD0%3D.jpg",Rapid Ambition 1.4 TSI (125 л.с.) авт.-7 (DSG) -NK63RD,2021,Седан,Робот,125 л.с.,1.4 л.,Бензин,Передний привод,Синий Reef металлик,,Бензин турбонаддув,,,1400,,125,,,,,,,,,,,,,,,,,,,,,,,,,,,,,,,,Россия,"г. Москва, Алтуфьевское ш., 85 км МКАД, д. 2А с. 1","https://www.rolf.ru/cars/new/skoda/novyi_rapid/stock_car528802/,https://www.rolf.ru/cars/new/skoda/novyi_rapid/stock_car524082/,https://www.rolf.ru/cars/new/skoda/novyi_rapid/stock_car527376/","https://www.rolf.ru/all/offers/rolf_servis_zapustil_onlain-igru/,https://www.rolf.ru/offers/rolf_probeg_programma_obratnogo_vykupa_avtomobilei/,https://www.rolf.ru/all/offers/wow_stavka_probeg/,https://www.rolf.ru/offers/oformite_elektronnyi_pts_v_rolf/,https://www.rolf.ru/offers/rolf_probeg_ne_mojete_opredelitsya_kakoi_avtomobil_vybrat_reshenie_est/,https://www.rolf.ru/offers/postavte_svoi_novyi_avtomobil_na_uchet_v_rolf_bez_poseshcheniya_gibdd/,https://www.rolf.ru/how-to-buy/",ŠKODA,RAPID,,,,,,,,https://www.rolf.ru/contacts/rolf_pelikan_avto_altufevo/rolf_pelikan_avto_altufevo_koda/
https://www.rolf.ru/cars/new/toyota/camry/stock_car527696/,2911000,2941000,,,,,,"https://www.rolf.ru/image/MWdxeEZ5MHNVaVJnWVNnWStyeEwrVEdDRWhpRW55em9ZMTdJUThXVEdoOD0%3D.jpg,https://www.rolf.ru/image/MWdxeEZ5MHNVaVJnWVNnWStyeEwrZmo3VndhR2pteG1YZjU4dXNuMjFTMD0%3D.jpg,https://www.rolf.ru/image/MWdxeEZ5MHNVaVJnWVNnWStyeEwrU1E3VTZvRzhzQVMvM09odUVDU2ZaUT0%3D.jpg,https://www.rolf.ru/image/MWdxeEZ5MHNVaVJnWVNnWStyeEwrZDJZQzJLTDNtbTF1KzRycWdqdWtkdz0%3D.jpg,https://www.rolf.ru/image/MWdxeEZ5MHNVaVJnWVNnWStyeEwrZGZqMUV3Vnduc2EzM2MrMFZnNXl5cz0%3D.jpg,https://www.rolf.ru/image/MWdxeEZ5MHNVaVJnWVNnWStyeEwrZU5vZklrYlJFQWNIUzlMUGJXR2NEMD0%3D.jpg",GR-S 3.5 New,2021,Седан,Автоматическая,249 л.с.,3.5 л.,Бензин,Передний привод,Белый перламутр с крышей черного цвета,Электрический,Бензин инжектор,6,4,3456,V-образное,249,5000,356,4600,,5,4885,1840,1455,2825,1580,1600,155,6,1680,2100,220,"7,7","8,7","12,5","6,4",Бензин,60,Евро-6,Независимая - подвеска McPherson,Независимая - многорычажная,Дисковые вентилируемые,Дисковые,235/45R18,235/45R18,18X18J,18X18J,Россия,"г. Москва, 39 км МКАД, вл. 7","https://www.rolf.ru/cars/new/toyota/camry/stock_car528052/,https://www.rolf.ru/cars/new/toyota/camry/stock_car525575/,https://www.rolf.ru/cars/new/toyota/camry/stock_car523033/","https://www.rolf.ru/all/offers/rolf_servis_zapustil_onlain-igru/,https://www.rolf.ru/offers/rolf_probeg_programma_obratnogo_vykupa_avtomobilei/,https://www.rolf.ru/all/offers/wow_stavka_probeg/,https://www.rolf.ru/offers/oformite_elektronnyi_pts_v_rolf/,https://www.rolf.ru/offers/rolf_probeg_ne_mojete_opredelitsya_kakoi_avtomobil_vybrat_reshenie_est/,https://www.rolf.ru/offers/kak_kupit_avtomobil_s_probegom_ne_vyhodya_iz_doma_vse_prosto_msk/,https://www.rolf.ru/how-to-buy/",Toyota,Camry,"2 USB разъема для зарядки мобильных устройств пассажиров второго ряда,Антенна «плавник акулы»,Боковые зеркала заднего вида черного цвета (только для суффикса S3),Глянцевые чёрные молдинги подоконной линии,Двухцветный окрас кузова (только для суффикса S3),Накладка на передний бампер с красными акцентами,Светодиодные передние противотуманные фары,Чёрный аэродинамический спойлер на крышке багажника,Эмблема GR Sport,нижняя решетка радиатора цвета тёмно-серый металлик,омыватель фар,передние и задние брызговики,ручки дверей окрашенные в цвет кузова,светодиодные дневные ходовые огни,светодиодные фары ближнего и дальнего света (До производства август 2021)","18' легкосплавные колёсные диски дизайна GR Sport с шинами 235,Коммуникационная система Bluetooth ©,беспроводное зарядное устройство,датчик дождя,датчик света,двухзонный климат-контроль,дополнительные воздуховоды для второго ряда сидений,задние и передние датчики парковки,запуск двигателя кнопкой Push Start,индикатор низкого уровня омывающей жидкости,камера заднего вида с динамической разметкой,кожаная обивка селектора управления трансмиссией,мультифункциональное рулевое колесо,обивка сидений кожей,обогрев рулевого колеса,передние и задние электростеклоподъемники с функцией 'Auto',подогрев задних сидений,подогрев передних сидений,подсветка органов управления, дверных ручек, перчаточного ящика, зоны ног водителя и переднего пассажира,регулировка рулевой колонки по вылету и наклону,рулевое колесо с кожаной обивкой,сигнализация с датчиками открытия дверей и капота,сиденье водителя с электрорегулировкой поясничной опоры,сиденья второго ряда, складывающиеся в пропорции 60:40 (с производства сентября 2021 ),система помощи при подъеме по склону (HAC),электрообогрев лобового стекла,электрообогрев форсунок стеклоомывателя,электропривод регулировки водительского сиденья в 8 направлениях,электрорегулировка пассажирского сидения в 4 направлениях,электроусилитель рулевого управления (EPS),электрохромное зеркало заднего вида","Антиблокировочная система (ABS) с электронным распределением тормозных усилий (EBD),Конструкция передних сидений снижающая вероятность травмы шеи (технология WIL),коленная подушка безопасности водителя,шторки безопасности","7' цветной многофункциональный дисплей на панели приборов,9' дисплей мультимедийной системы,USB разъем для воспроизведения медиафайлов",Неполноразмерное запасное колесо,"Кнопка запуска с логотипом GR Sport,Накладки на пороги GR Sport,Полиуретановый коврик багажного отделения","#ffffff https://www.rolf.ru/cars/new/toyota/camry/stock_car523048/,#ff0000 https://www.rolf.ru/cars/new/toyota/camry/stock_car523069/",https://www.rolf.ru/contacts/rolf_yasenevo/yasenevo_toyota/
https://www.rolf.ru/cars/new/skoda/novyi_rapid/stock_car528642/,1552232,1972232,200000,20000,200000,420000,от 32 724 ₽/мес.,"https://www.rolf.ru/image/MWdxeEZ5MHNVaVJnWVNnWStyeEwrVG8yYUQzMzN5YVByaE9MN0g4TTNUVT0%3D.jpg,https://www.rolf.ru/image/MWdxeEZ5MHNVaVJnWVNnWStyeEwrVnNEdC9JdlNSeS95RkdQM3JHODFDZz0%3D.jpg,https://www.rolf.ru/image/MWdxeEZ5MHNVaVJnWVNnWStyeEwrV3QxSkt1ZkdEWlczVFI5M1JreE1HOD0%3D.jpg,https://www.rolf.ru/image/MWdxeEZ5MHNVaVJnWVNnWStyeEwrWGJ4U1lnYVIrZ1JBR1k1Q0xCcUMzTT0%3D.jpg,https://www.rolf.ru/image/MWdxeEZ5MHNVaVJnWVNnWStyeEwrU3pWNTg4OW0rOTQ2bzRGd1dIT2NXbz0%3D.jpg,https://www.rolf.ru/image/MWdxeEZ5MHNVaVJnWVNnWStyeEwrVUxHYWcySy80b3V1UytjZW0xSkM2VT0%3D.jpg,https://www.rolf.ru/image/MWdxeEZ5MHNVaVJnWVNnWStyeEwrVkhuQ0hBTXRua2tXanFLZnZaZE05QT0%3D.jpg",Rapid Ambition 1.6 MPI (110 л.с.) авт.-6 NK63LC,2021,Седан,Автоматическая,110 л.с.,1.6 л.,Бензин,Передний привод,Бежевый Titanium металлик,,Бензин инжектор,,,1600,,110,,,,,,,,,,,,,,,,,,,,,,,,,,,,,,,,Россия,"г. Москва, 2-й Магистральный тупик, д. 5А","https://www.rolf.ru/cars/new/skoda/novyi_rapid/stock_car520741/,https://www.rolf.ru/cars/new/skoda/novyi_rapid/stock_car528641/,https://www.rolf.ru/cars/new/skoda/novyi_rapid/stock_car528110/","https://www.rolf.ru/all/offers/rolf_servis_zapustil_onlain-igru/,https://www.rolf.ru/offers/rolf_probeg_programma_obratnogo_vykupa_avtomobilei/,https://www.rolf.ru/all/offers/wow_stavka_probeg/,https://www.rolf.ru/offers/oformite_elektronnyi_pts_v_rolf/,https://www.rolf.ru/offers/tehnicheskii_osmotr_transportnyh_sredstv/,https://www.rolf.ru/offers/rolf_probeg_ne_mojete_opredelitsya_kakoi_avtomobil_vybrat_reshenie_est/,https://www.rolf.ru/how-to-buy/",ŠKODA,RAPID,,,,,,,,https://www.rolf.ru/contacts/rolf_centr/rolf_magistralnyy_skoda/
https://www.rolf.ru/cars/new/toyota/camry/stock_car528268/,2516000,2546000,,,,,,"https://www.rolf.ru/image/MWdxeEZ5MHNVaVJnWVNnWStyeEwrVVRtYVU5Wkd1c1VDbUFNTU1seE44QT0%3D.jpg,https://www.rolf.ru/image/MWdxeEZ5MHNVaVJnWVNnWStyeEwrU2FvY1JWZk9GQ1hObm8xQ2JGekttND0%3D.jpg,https://www.rolf.ru/image/MWdxeEZ5MHNVaVJnWVNnWStyeEwrVjNTbWdKNHVsd3o3ZStYOVlNcWUzQT0%3D.jpg,https://www.rolf.ru/image/MWdxeEZ5MHNVaVJnWVNnWStyeEwrWkVjTHV2eVREV3FNQTRPSXlrakJJST0%3D.jpg,https://www.rolf.ru/image/MWdxeEZ5MHNVaVJnWVNnWStyeEwrU1F0dHpwZFQ4azZSN2U2RHhuNGF3ND0%3D.jpg,https://www.rolf.ru/image/MWdxeEZ5MHNVaVJnWVNnWStyeEwrYWFVOFgxeVNDVXNFUWtmanNkbm11dz0%3D.jpg,https://www.rolf.ru/image/MWdxeEZ5MHNVaVJnWVNnWStyeEwrZTJuODhQY29IM1BMRThTdW5HRzMrTT0%3D.jpg,https://www.rolf.ru/image/MWdxeEZ5MHNVaVJnWVNnWStyeEwrZXJKR3lkeWJpMzY0QmdvbGRab3haUT0%3D.jpg",GR-S 2.5 New,2021,Седан,Автоматическая,200 л.с.,2.5 л.,Бензин,Передний привод,Белый перламутр с крышей черного цвета,Электрический,Бензин инжектор,4,4,2487,Рядное,200,6600,243,4000,,5,4885,1840,1455,2825,1590,1610,155,6,1555,2030,210,,"6,8","9,3","5,4",Бензин,60,Евро-6,Независимая - подвеска McPherson,Независимая - многорычажная,Дисковые вентилируемые,Дисковые,235/45R18,235/45R18,18X18J,18X18J,Россия,"г. Москва, 39 км МКАД, вл. 7","https://www.rolf.ru/cars/new/toyota/camry/stock_car528052/,https://www.rolf.ru/cars/new/toyota/camry/stock_car525575/,https://www.rolf.ru/cars/new/toyota/camry/stock_car523033/","https://www.rolf.ru/all/offers/rolf_servis_zapustil_onlain-igru/,https://www.rolf.ru/offers/rolf_probeg_programma_obratnogo_vykupa_avtomobilei/,https://www.rolf.ru/all/offers/wow_stavka_probeg/,https://www.rolf.ru/offers/oformite_elektronnyi_pts_v_rolf/,https://www.rolf.ru/offers/rolf_probeg_ne_mojete_opredelitsya_kakoi_avtomobil_vybrat_reshenie_est/,https://www.rolf.ru/offers/kak_kupit_avtomobil_s_probegom_ne_vyhodya_iz_doma_vse_prosto_msk/,https://www.rolf.ru/how-to-buy/",Toyota,Camry,"2 USB разъема для зарядки мобильных устройств пассажиров второго ряда,Антенна «плавник акулы»,Накладка на передний бампер с красными акцентами,Светодиодные передние противотуманные фары,Чёрный аэродинамический спойлер на крышке багажника,Эмблема GR Sport,нижняя решетка радиатора цвета тёмно-серый металлик,омыватель фар,передние и задние брызговики,ручки дверей окрашенные в цвет кузова,светодиодные дневные ходовые огни,светодиодные фары ближнего и дальнего света (До производства август 2021)","18' легкосплавные колёсные диски с шинами 235,Коммуникационная система Bluetooth ©,датчик дождя,датчик света,двухзонный климат-контроль,дополнительные воздуховоды для второго ряда сидений,задние и передние датчики парковки,запуск двигателя кнопкой Push Start,индикатор низкого уровня омывающей жидкости,камера заднего вида с динамической разметкой,кожаная обивка селектора управления трансмиссией,механическая регулировка пассажирского сидения в 4 направлениях,мультифункциональное рулевое колесо,обивка сидений кожей,обогрев рулевого колеса,передние и задние электростеклоподъемники с функцией 'Auto',подогрев задних сидений,подогрев передних сидений,подсветка органов управления, дверных ручек, перчаточного ящика, зоны ног водителя и переднего пассажира,регулировка рулевой колонки по вылету и наклону,рулевое колесо с кожаной обивкой,сигнализация с датчиками открытия дверей и капота,сиденье водителя с электрорегулировкой поясничной опоры,сиденья второго ряда, складывающиеся в пропорции 60:40 (с производства сентября 2021 ),система помощи при подъеме по склону (HAC),электрообогрев лобового стекла,электрообогрев форсунок стеклоомывателя,электропривод регулировки водительского сиденья в 8 направлениях,электроусилитель рулевого управления (EPS),электрохромное зеркало заднего вида","Антиблокировочная система (ABS) с электронным распределением тормозных усилий (EBD),Конструкция передних сидений снижающая вероятность травмы шеи (технология WIL),коленная подушка безопасности водителя,шторки безопасности","4,2' цветной многофункциональный дисплей на панели приборов,9' дисплей мультимедийной системы,USB разъем для воспроизведения медиафайлов",Неполноразмерное запасное колесо,"Кнопка запуска с логотипом GR Sport,Накладки на пороги GR Sport,Полиуретановый коврик багажного отделения","#ff0000 https://www.rolf.ru/cars/new/toyota/camry/stock_car523033/,#ffffff https://www.rolf.ru/cars/new/toyota/camry/stock_car523044/",https://www.rolf.ru/contacts/rolf_yasenevo/yasenevo_toyota/
https://www.rolf.ru/cars/new/toyota/camry/stock_car528267/,2516000,2546000,,,,,,"https://www.rolf.ru/image/MWdxeEZ5MHNVaVJnWVNnWStyeEwrVVRtYVU5Wkd1c1VDbUFNTU1seE44QT0%3D.jpg,https://www.rolf.ru/image/MWdxeEZ5MHNVaVJnWVNnWStyeEwrU2FvY1JWZk9GQ1hObm8xQ2JGekttND0%3D.jpg,https://www.rolf.ru/image/MWdxeEZ5MHNVaVJnWVNnWStyeEwrVjNTbWdKNHVsd3o3ZStYOVlNcWUzQT0%3D.jpg,https://www.rolf.ru/image/MWdxeEZ5MHNVaVJnWVNnWStyeEwrWkVjTHV2eVREV3FNQTRPSXlrakJJST0%3D.jpg,https://www.rolf.ru/image/MWdxeEZ5MHNVaVJnWVNnWStyeEwrU1F0dHpwZFQ4azZSN2U2RHhuNGF3ND0%3D.jpg,https://www.rolf.ru/image/MWdxeEZ5MHNVaVJnWVNnWStyeEwrYWFVOFgxeVNDVXNFUWtmanNkbm11dz0%3D.jpg,https://www.rolf.ru/image/MWdxeEZ5MHNVaVJnWVNnWStyeEwrZTJuODhQY29IM1BMRThTdW5HRzMrTT0%3D.jpg,https://www.rolf.ru/image/MWdxeEZ5MHNVaVJnWVNnWStyeEwrZXJKR3lkeWJpMzY0QmdvbGRab3haUT0%3D.jpg",GR-S 2.5 New,2021,Седан,Автоматическая,200 л.с.,2.5 л.,Бензин,Передний привод,Белый перламутр с крышей черного цвета,Электрический,Бензин инжектор,4,4,2487,Рядное,200,6600,243,4000,,5,4885,1840,1455,2825,1590,1610,155,6,1555,2030,210,,"6,8","9,3","5,4",Бензин,60,Евро-6,Независимая - подвеска McPherson,Независимая - многорычажная,Дисковые вентилируемые,Дисковые,235/45R18,235/45R18,18X18J,18X18J,Россия,"г. Москва, 39 км МКАД, вл. 7","https://www.rolf.ru/cars/new/toyota/camry/stock_car528052/,https://www.rolf.ru/cars/new/toyota/camry/stock_car525575/,https://www.rolf.ru/cars/new/toyota/camry/stock_car523033/","https://www.rolf.ru/all/offers/rolf_servis_zapustil_onlain-igru/,https://www.rolf.ru/offers/rolf_probeg_programma_obratnogo_vykupa_avtomobilei/,https://www.rolf.ru/all/offers/wow_stavka_probeg/,https://www.rolf.ru/offers/oformite_elektronnyi_pts_v_rolf/,https://www.rolf.ru/offers/rolf_probeg_ne_mojete_opredelitsya_kakoi_avtomobil_vybrat_reshenie_est/,https://www.rolf.ru/offers/kak_kupit_avtomobil_s_probegom_ne_vyhodya_iz_doma_vse_prosto_msk/,https://www.rolf.ru/how-to-buy/",Toyota,Camry,"2 USB разъема для зарядки мобильных устройств пассажиров второго ряда,Антенна «плавник акулы»,Накладка на передний бампер с красными акцентами,Светодиодные передние противотуманные фары,Чёрный аэродинамический спойлер на крышке багажника,Эмблема GR Sport,нижняя решетка радиатора цвета тёмно-серый металлик,омыватель фар,передние и задние брызговики,ручки дверей окрашенные в цвет кузова,светодиодные дневные ходовые огни,светодиодные фары ближнего и дальнего света (До производства август 2021)","18' легкосплавные колёсные диски с шинами 235,Коммуникационная система Bluetooth ©,датчик дождя,датчик света,двухзонный климат-контроль,дополнительные воздуховоды для второго ряда сидений,задние и передние датчики парковки,запуск двигателя кнопкой Push Start,индикатор низкого уровня омывающей жидкости,камера заднего вида с динамической разметкой,кожаная обивка селектора управления трансмиссией,механическая регулировка пассажирского сидения в 4 направлениях,мультифункциональное рулевое колесо,обивка сидений кожей,обогрев рулевого колеса,передние и задние электростеклоподъемники с функцией 'Auto',подогрев задних сидений,подогрев передних сидений,подсветка органов управления, дверных ручек, перчаточного ящика, зоны ног водителя и переднего пассажира,регулировка рулевой колонки по вылету и наклону,рулевое колесо с кожаной обивкой,сигнализация с датчиками открытия дверей и капота,сиденье водителя с электрорегулировкой поясничной опоры,сиденья второго ряда, складывающиеся в пропорции 60:40 (с производства сентября 2021 ),система помощи при подъеме по склону (HAC),электрообогрев лобового стекла,электрообогрев форсунок стеклоомывателя,электропривод регулировки водительского сиденья в 8 направлениях,электроусилитель рулевого управления (EPS),электрохромное зеркало заднего вида","Антиблокировочная система (ABS) с электронным распределением тормозных усилий (EBD),Конструкция передних сидений снижающая вероятность травмы шеи (технология WIL),коленная подушка безопасности водителя,шторки безопасности","4,2' цветной многофункциональный дисплей на панели приборов,9' дисплей мультимедийной системы,USB разъем для воспроизведения медиафайлов",Неполноразмерное запасное колесо,"Кнопка запуска с логотипом GR Sport,Накладки на пороги GR Sport,Полиуретановый коврик багажного отделения","#ff0000 https://www.rolf.ru/cars/new/toyota/camry/stock_car523033/,#ffffff https://www.rolf.ru/cars/new/toyota/camry/stock_car523044/",https://www.rolf.ru/contacts/rolf_yasenevo/yasenevo_toyota/
https://www.rolf.ru/cars/new/toyota/camry/stock_car523044/,2516000,2546000,,,,,,"https://www.rolf.ru/image/MWdxeEZ5MHNVaVJnWVNnWStyeEwrVVRtYVU5Wkd1c1VDbUFNTU1seE44QT0%3D.jpg,https://www.rolf.ru/image/MWdxeEZ5MHNVaVJnWVNnWStyeEwrU2FvY1JWZk9GQ1hObm8xQ2JGekttND0%3D.jpg,https://www.rolf.ru/image/MWdxeEZ5MHNVaVJnWVNnWStyeEwrVjNTbWdKNHVsd3o3ZStYOVlNcWUzQT0%3D.jpg,https://www.rolf.ru/image/MWdxeEZ5MHNVaVJnWVNnWStyeEwrWkVjTHV2eVREV3FNQTRPSXlrakJJST0%3D.jpg,https://www.rolf.ru/image/MWdxeEZ5MHNVaVJnWVNnWStyeEwrU1F0dHpwZFQ4azZSN2U2RHhuNGF3ND0%3D.jpg,https://www.rolf.ru/image/MWdxeEZ5MHNVaVJnWVNnWStyeEwrYWFVOFgxeVNDVXNFUWtmanNkbm11dz0%3D.jpg,https://www.rolf.ru/image/MWdxeEZ5MHNVaVJnWVNnWStyeEwrZTJuODhQY29IM1BMRThTdW5HRzMrTT0%3D.jpg,https://www.rolf.ru/image/MWdxeEZ5MHNVaVJnWVNnWStyeEwrZXJKR3lkeWJpMzY0QmdvbGRab3haUT0%3D.jpg",GR-S 2.5 New,2021,Седан,Автоматическая,200 л.с.,2.5 л.,Бензин,Передний привод,Белый перламутр с крышей черного цвета,Электрический,Бензин инжектор,4,4,2487,Рядное,200,6600,243,4000,,5,4885,1840,1455,2825,1590,1610,155,6,1555,2030,210,,"6,8","9,3","5,4",Бензин,60,Евро-6,Независимая - подвеска McPherson,Независимая - многорычажная,Дисковые вентилируемые,Дисковые,235/45R18,235/45R18,18X18J,18X18J,Россия,"г. Москва, 39 км МКАД, вл. 7","https://www.rolf.ru/cars/new/toyota/camry/stock_car528052/,https://www.rolf.ru/cars/new/toyota/camry/stock_car525575/,https://www.rolf.ru/cars/new/toyota/camry/stock_car523033/","https://www.rolf.ru/all/offers/rolf_servis_zapustil_onlain-igru/,https://www.rolf.ru/offers/rolf_probeg_programma_obratnogo_vykupa_avtomobilei/,https://www.rolf.ru/all/offers/wow_stavka_probeg/,https://www.rolf.ru/offers/oformite_elektronnyi_pts_v_rolf/,https://www.rolf.ru/offers/rolf_probeg_ne_mojete_opredelitsya_kakoi_avtomobil_vybrat_reshenie_est/,https://www.rolf.ru/offers/kak_kupit_avtomobil_s_probegom_ne_vyhodya_iz_doma_vse_prosto_msk/,https://www.rolf.ru/how-to-buy/",Toyota,Camry,"2 USB разъема для зарядки мобильных устройств пассажиров второго ряда,Антенна «плавник акулы»,Накладка на передний бампер с красными акцентами,Светодиодные передние противотуманные фары,Чёрный аэродинамический спойлер на крышке багажника,Эмблема GR Sport,нижняя решетка радиатора цвета тёмно-серый металлик,омыватель фар,передние и задние брызговики,ручки дверей окрашенные в цвет кузова,светодиодные дневные ходовые огни,светодиодные фары ближнего и дальнего света (До производства август 2021)","18' легкосплавные колёсные диски с шинами 235,Коммуникационная система Bluetooth ©,датчик дождя,датчик света,двухзонный климат-контроль,дополнительные воздуховоды для второго ряда сидений,задние и передние датчики парковки,запуск двигателя кнопкой Push Start,индикатор низкого уровня омывающей жидкости,камера заднего вида с динамической разметкой,кожаная обивка селектора управления трансмиссией,механическая регулировка пассажирского сидения в 4 направлениях,мультифункциональное рулевое колесо,обивка сидений кожей,обогрев рулевого колеса,передние и задние электростеклоподъемники с функцией 'Auto',подогрев задних сидений,подогрев передних сидений,подсветка органов управления, дверных ручек, перчаточного ящика, зоны ног водителя и переднего пассажира,регулировка рулевой колонки по вылету и наклону,рулевое колесо с кожаной обивкой,сигнализация с датчиками открытия дверей и капота,сиденье водителя с электрорегулировкой поясничной опоры,сиденья второго ряда, складывающиеся в пропорции 60:40 (с производства сентября 2021 ),система помощи при подъеме по склону (HAC),электрообогрев лобового стекла,электрообогрев форсунок стеклоомывателя,электропривод регулировки водительского сиденья в 8 направлениях,электроусилитель рулевого управления (EPS),электрохромное зеркало заднего вида","Антиблокировочная система (ABS) с электронным распределением тормозных усилий (EBD),Конструкция передних сидений снижающая вероятность травмы шеи (технология WIL),коленная подушка безопасности водителя,шторки безопасности","4,2' цветной многофункциональный дисплей на панели приборов,9' дисплей мультимедийной системы,USB разъем для воспроизведения медиафайлов",Неполноразмерное запасное колесо,"Кнопка запуска с логотипом GR Sport,Накладки на пороги GR Sport,Полиуретановый коврик багажного отделения",#ff0000 https://www.rolf.ru/cars/new/toyota/camry/stock_car523033/,https://www.rolf.ru/contacts/rolf_yasenevo/yasenevo_toyota/
https://www.rolf.ru/cars/new/skoda/novyi_rapid/stock_car527376/,1095000,1620000,125000,30000,370000,525000,от 26 877 ₽/мес.,"https://www.rolf.ru/image/MWdxeEZ5MHNVaVJnWVNnWStyeEwrY0Q5c1RGQUw3cWRFSmRKcVBQb0cxWT0%3D.jpg,https://www.rolf.ru/image/MWdxeEZ5MHNVaVJnWVNnWStyeEwrWlpoSTN2VEwxZ1hWajU2akxsc1NlOD0%3D.jpg,https://www.rolf.ru/image/MWdxeEZ5MHNVaVJnWVNnWStyeEwrZWRiSjNxTDdQYWRGTFdLVk9zekVPWT0%3D.jpg,https://www.rolf.ru/image/MWdxeEZ5MHNVaVJnWVNnWStyeEwrVG1hN25sMmZMN1MxLytHNitJRHZTRT0%3D.jpg,https://www.rolf.ru/image/MWdxeEZ5MHNVaVJnWVNnWStyeEwrV0Q3MC8rUEtNa2JtYjBNTmQ2dUFpdz0%3D.jpg,https://www.rolf.ru/image/MWdxeEZ5MHNVaVJnWVNnWStyeEwrZVJvNjkrUzVwdXROd3BPMFZVZnNsOD0%3D.jpg",Rapid Ambition 1.6 MPI (110 л.с.) авт.-6 NK63LC,2021,Седан,Автоматическая,110 л.с.,1.6 л.,Бензин,Передний привод,Синий Reef металлик,,Бензин инжектор,,,1600,,110,,,,,,,,,,,,,,,,,,,,,,,,,,,,,,,,Россия,"г. Москва, Алтуфьевское ш., 85 км МКАД, д. 2А с. 1","https://www.rolf.ru/cars/new/skoda/novyi_rapid/stock_car528802/,https://www.rolf.ru/cars/new/skoda/novyi_rapid/stock_car524082/,https://www.rolf.ru/cars/new/skoda/novyi_rapid/stock_car525645/","https://www.rolf.ru/all/offers/rolf_servis_zapustil_onlain-igru/,https://www.rolf.ru/offers/rolf_probeg_programma_obratnogo_vykupa_avtomobilei/,https://www.rolf.ru/all/offers/wow_stavka_probeg/,https://www.rolf.ru/offers/oformite_elektronnyi_pts_v_rolf/,https://www.rolf.ru/offers/rolf_probeg_ne_mojete_opredelitsya_kakoi_avtomobil_vybrat_reshenie_est/,https://www.rolf.ru/offers/postavte_svoi_novyi_avtomobil_na_uchet_v_rolf_bez_poseshcheniya_gibdd/,https://www.rolf.ru/how-to-buy/",ŠKODA,RAPID,,,,,,,,https://www.rolf.ru/contacts/rolf_pelikan_avto_altufevo/rolf_pelikan_avto_altufevo_koda/
https://www.rolf.ru/cars/new/mitsubishi/asx_20my/stock_car522239/,,,,,,,,"https://www.rolf.ru/image/MWdxeEZ5MHNVaVJnWVNnWStyeEwrVnk4S3FIOGpjSGxpOU1aOTRnYyt0Zz0%3D.jpg,https://www.rolf.ru/image/MWdxeEZ5MHNVaVJnWVNnWStyeEwrY0ttakd1cDNJS2F3WWxOZDRrMUNPaz0%3D.jpg,https://www.rolf.ru/image/MWdxeEZ5MHNVaVJnWVNnWStyeEwrVWNhaE5oY2tWN2g1Vms0eTRQYjI3bz0%3D.jpg,https://www.rolf.ru/image/MWdxeEZ5MHNVaVJnWVNnWStyeEwrWFVmbHBEa3pqWmV5NlByZU5GV0d0cz0%3D.jpg,https://www.rolf.ru/image/MWdxeEZ5MHNVaVJnWVNnWStyeEwrU0Q2bm95ZjJzWFYxbmFUSnJXNGcwdz0%3D.jpg,https://www.rolf.ru/image/MWdxeEZ5MHNVaVJnWVNnWStyeEwrVUZLeTlKVkFOZTMvRXhlQVV5Q2Fndz0%3D.jpg,https://www.rolf.ru/image/MWdxeEZ5MHNVaVJnWVNnWStyeEwrZXUzYmtjMlhBdWV6Znp5ejB6b2QyMD0%3D.jpg,https://www.rolf.ru/image/MWdxeEZ5MHNVaVJnWVNnWStyeEwrUlBBcVFoMUZiaGFzY01WdGMvUm5qND0%3D.jpg,https://www.rolf.ru/image/MWdxeEZ5MHNVaVJnWVNnWStyeEwrUUhaOFNneFNGL0dWL1h0cVJseDFkTT0%3D.jpg",Instyle 4WD SAM,2021,Кроссовер,Автоматическая,150 л.с.,2.0 л.,Бензин,Полный привод,Серый,Электрический,Бензин инжектор,4,16,1998,рядный 4-х цилиндровый,150,6000,197,4200,Инжектор,5,4365,1810,1640,2670,1540,1545,215,11,1515,19700,191,"11,7","7,9",10,"6,8",бензин Аи-92,60,Евро-5,Независимая - подвеска McPherson,Независимая - многорычажная,Дисковые вентилируемые,Дисковые вентилируемые,225/55R18,225/55R18,18X7J,18X7J,Япония,"г. Химки, Ленинградское шоссе, вл. 21","https://www.rolf.ru/cars/new/mitsubishi/asx_20my/stock_car528036/,https://www.rolf.ru/cars/new/mitsubishi/asx_20my/stock_car522224/,https://www.rolf.ru/cars/new/mitsubishi/asx_20my/stock_car522236/","https://www.rolf.ru/all/offers/rolf_servis_zapustil_onlain-igru/,https://www.rolf.ru/offers/rolf_probeg_programma_obratnogo_vykupa_avtomobilei/,https://www.rolf.ru/all/offers/wow_stavka_probeg/,https://www.rolf.ru/offers/oformite_elektronnyi_pts_v_rolf/,https://www.rolf.ru/offers/tehnicheskii_osmotr_transportnyh_sredstv/,https://www.rolf.ru/offers/srochnyi_dorogoi_vykup_v_rolf_himki/,https://www.rolf.ru/how-to-buy/",Mitsubishi,ASX 20MY,Легкосплавные колесные диски 18',"Cистема дистанционного управления замками дверей с двумя передатчиками,Блокировка замков задних дверей от открывания изнутри ('детский замок'),Боковые зеркала заднего вида с электроприводом и обогревом,Бортовой компьютер,Датчик дождя,Датчик света,Дистанционное управление лючком топливного бака,Задние электростеклоподъемники дверей,Зуммер и контрольная лампа предупреждения о непристегнутых ремнях безопасности водителя и переднего пассажира,Климат-контроль,Кнопка отключения передней пассажирской подушки безопасности,Кнопки управления аудиосистемой на рулевом колесе,Круиз-контроль с кнопками управления на рулевом колесе,Лампа освещения салона для водителя и переднего пассажира.,Лампа освещения салона для задних пассажиров,Обогрев заднего стекла,Пепельница,Передние электростеклоподъемники дверей,Подлокотник для водителя и переднего пассажира,Подогрев передних сидений,Прикуриватель,Регулировка водительского сиденья по высоте,Розетка электропитания 12B,Система HandsFree Bluetooth с кнопками управления на руле","ABS - антиблокировочная система тормозов,Brake Assist - система помощи при экстренном торможении,EBD - электронная система распределения тормозных усилий,Hill Start Assist (HSA)- Система помощи при подъеме","6 динамиков,USB разъем для подключения внешних устройств,Камера заднего вида",,"Карманы в дверях водителя и переднего пассажира, два подстаканника на передней консоли,Кожаная отделка руля,Крючки в багажном отделении,Обшитый кожей рычаг переключения передач,Перчаточный ящик с освещением,Хромированные внутренние ручки дверей,Хромированные наружные ручки дверей","#bcbcbc https://www.rolf.ru/cars/new/mitsubishi/asx_20my/stock_car522223/,#FFA500 https://www.rolf.ru/cars/new/mitsubishi/asx_20my/stock_car521328/,#f2f2f0 https://www.rolf.ru/cars/new/mitsubishi/asx_20my/stock_car525302/,#000000 https://www.rolf.ru/cars/new/mitsubishi/asx_20my/stock_car521339/",https://www.rolf.ru/contacts/rolf_himki/rolf_himki_mitsubishi/
https://www.rolf.ru/cars/new/skoda/superb-sedan/stock_car524124/,2275000,2435000,100000,10000,50000,160000,от 40 407 ₽/мес.,"https://www.rolf.ru/image/MWdxeEZ5MHNVaVJnWVNnWStyeEwrVDJqeEx5enRXcDdxanJ3QnRLOHZMQT0%3D.jpg,https://www.rolf.ru/image/MWdxeEZ5MHNVaVJnWVNnWStyeEwrUUlDSXRkeHIySjNOMEs2dWJSUSttVT0%3D.jpg,https://www.rolf.ru/image/MWdxeEZ5MHNVaVJnWVNnWStyeEwrVGpHdnBBa2pwYzM1QTJPdmFLZXg1MD0%3D.jpg,https://www.rolf.ru/image/MWdxeEZ5MHNVaVJnWVNnWStyeEwrVkdSNE1RZnJ6QUtnYVZnbkJtbDFQbz0%3D.jpg,https://www.rolf.ru/image/MWdxeEZ5MHNVaVJnWVNnWStyeEwrWE5vaXdTU2NBUkNpVGoyNlFzMXhpOD0%3D.jpg,https://www.rolf.ru/image/MWdxeEZ5MHNVaVJnWVNnWStyeEwrUldLbTZCOVV6YzJOaTc5ZnF2ZG5Jaz0%3D.jpg,https://www.rolf.ru/image/MWdxeEZ5MHNVaVJnWVNnWStyeEwrUlI0VzBKMUJLZU9oQnBLVGkrRG1jUT0%3D.jpg",Superb Active 1.4 TSI (150 л.с.) авт.-7 (DSG) 3V32KD,2021,Седан,Робот,150 л.с.,1.4 л.,Бензин,Передний привод,Белый Candy,,Бензин турбонаддув,,,1400,,150,,,,,,,,,,,,,,,,,,,,,,,,,,,,,,,,Чешская Республика,"г. Москва, Алтуфьевское ш., 85 км МКАД, д. 2А с. 1",https://www.rolf.ru/cars/new/skoda/superb-sedan/stock_car524123/,"https://www.rolf.ru/all/offers/rolf_servis_zapustil_onlain-igru/,https://www.rolf.ru/offers/rolf_probeg_programma_obratnogo_vykupa_avtomobilei/,https://www.rolf.ru/all/offers/wow_stavka_probeg/,https://www.rolf.ru/offers/oformite_elektronnyi_pts_v_rolf/,https://www.rolf.ru/offers/rolf_probeg_ne_mojete_opredelitsya_kakoi_avtomobil_vybrat_reshenie_est/,https://www.rolf.ru/offers/postavte_svoi_novyi_avtomobil_na_uchet_v_rolf_bez_poseshcheniya_gibdd/,https://www.rolf.ru/how-to-buy/",ŠKODA,SUPERB,"Легкосплавные диски Triton 6,5J x 17,Наружные электрозеркала с обогревом,Стальные диски Hermes с колпаками 6,5J x 16, шины 215","2 USB спереди,Bluetooth,Лампы для чтения спереди и сзади (для L&K - светодиодные),Обогреваемые форсунки омывателя лобового стекла,Передние сиденья с подогревом,Передний центральный подлокотник,Розетка 12В сзади и в багажнике,Ручная регулировка высоты передних сидений (вкл. поясничные опоры)",,Радио Swing,"Уменьшенное запасное колесо (докатка), комплект инструментов и домкрат","Многофункциональное 2-спицевое кожаное рулевое колесо с управлением радио и телефоном, черная прострочка",,https://www.rolf.ru/contacts/rolf_pelikan_avto_altufevo/rolf_pelikan_avto_altufevo_koda/
https://www.rolf.ru/cars/new/skoda/superb-sedan/stock_car520743/,3185400,3335400,80000,20000,50000,150000,от 55 347 ₽/мес.,"https://www.rolf.ru/image/MWdxeEZ5MHNVaVJnWVNnWStyeEwrWHE4aDF3TiswdGFVcTkzZlIwaDNtcz0%3D.jpg,https://www.rolf.ru/image/MWdxeEZ5MHNVaVJnWVNnWStyeEwrZjBTUWs3dGtkN1l5L21tcEdRMGhuZz0%3D.jpg,https://www.rolf.ru/image/MWdxeEZ5MHNVaVJnWVNnWStyeEwrWGRnS1FyUVNZdU5Tb25yNHJ3QUEvST0%3D.jpg,https://www.rolf.ru/image/MWdxeEZ5MHNVaVJnWVNnWStyeEwrZmpocklBQWFtOExGU29lZmk4YWxiQT0%3D.jpg,https://www.rolf.ru/image/MWdxeEZ5MHNVaVJnWVNnWStyeEwrVHNsbUdkYkJlUWExSEhTa2Z6dklCST0%3D.jpg,https://www.rolf.ru/image/MWdxeEZ5MHNVaVJnWVNnWStyeEwrVVVQWHJuYjM3VWpCdGZnb0IwVHJHOD0%3D.jpg,https://www.rolf.ru/image/MWdxeEZ5MHNVaVJnWVNnWStyeEwrVWZTRFJyclBVL0FuaHBySmVLM3pzOD0%3D.jpg",Superb Ambition 1.4 TSI (150 л.с.) авт.-7 (DSG) 3V33KD,2021,Седан,Робот,150 л.с.,1.4 л.,Бензин,Передний привод,Синий Lava металлик,,Бензин турбонаддув,,,1400,,150,,,,,,,,,,,,,,,,,,,,,,,,,,,,,,,,Чешская Республика,"г. Москва, 2-й Магистральный тупик, д. 5А","https://www.rolf.ru/cars/new/skoda/superb-sedan/stock_car520802/,https://www.rolf.ru/cars/new/skoda/superb-sedan/stock_car520851/,https://www.rolf.ru/cars/new/skoda/superb-sedan/stock_car528112/","https://www.rolf.ru/all/offers/rolf_servis_zapustil_onlain-igru/,https://www.rolf.ru/offers/rolf_probeg_programma_obratnogo_vykupa_avtomobilei/,https://www.rolf.ru/all/offers/wow_stavka_probeg/,https://www.rolf.ru/offers/oformite_elektronnyi_pts_v_rolf/,https://www.rolf.ru/offers/tehnicheskii_osmotr_transportnyh_sredstv/,https://www.rolf.ru/offers/rolf_probeg_ne_mojete_opredelitsya_kakoi_avtomobil_vybrat_reshenie_est/,https://www.rolf.ru/how-to-buy/",ŠKODA,SUPERB,"Легкосплавные диски Stratos 7J x 17,Легкосплавные диски Orion 6,5J x 16, шины 215,Наружные электрозеркала с обогревом, электроскладыванием, автоматическим затемнением со стороны водителя","Bluetooth, соединение с внешней антенной, беспроводная зарядка телефона,2 USB спереди,Bluetooth,Лампы для чтения спереди и сзади (для L&K - светодиодные),Обогреваемые форсунки омывателя лобового стекла,Передние сиденья с подогревом,Передний центральный подлокотник,Розетка 12В сзади и в багажнике,Ручная регулировка высоты передних сидений (вкл. поясничные опоры)",Система контроля дистанции Front Assist (без адаптивного круиз-контроля),"Голосовое управление,Радио Bolero - SD, 2xUSB, MP3, 8 динамиков,Система Smart link беспроводной","Уменьшенное запасное колесо, комплект инструментов и домкрат","Многофункциональное 2-спицевое кожаное рулевое колесо с управлением радио и телефоном, черная прострочка",,https://www.rolf.ru/contacts/rolf_centr/rolf_magistralnyy_skoda/
https://www.rolf.ru/cars/new/hyundai/creta_new/stock_car526237/,,,,,,,,https://www.rolf.ru/image/ci9VUHRDYXVRbFdNcnRSVVFKZjhzZTFyRlo0ZkFMNEJvOWxaVG9TN0JwMD0%3D.jpg,Classic+Winter,2021,Внедорожник,Механическая,123 л.с.,1.6 л.,Бензин,Передний привод,Burnt Orange,,Бензин инжектор,,,1601,,123,,,,,,,,,,,,,,,,,,,,,,,,,,,,,,,,Россия,"г. Москва, ул. Обручева, д. 27","https://www.rolf.ru/cars/new/hyundai/creta_new/stock_car527195/,https://www.rolf.ru/cars/new/hyundai/creta_new/stock_car528240/,https://www.rolf.ru/cars/new/hyundai/creta_new/stock_car528713/","https://www.rolf.ru/all/offers/rolf_servis_zapustil_onlain-igru/,https://www.rolf.ru/offers/vykupim_vash_avtomobil_dengi_v_den_obrashcheniya/,https://www.rolf.ru/offers/rolf_probeg_programma_obratnogo_vykupa_avtomobilei/,https://www.rolf.ru/all/offers/wow_stavka_probeg/,https://www.rolf.ru/offers/oformite_elektronnyi_pts_v_rolf/,https://www.rolf.ru/offers/tehnicheskii_osmotr_transportnyh_sredstv/,https://www.rolf.ru/how-to-buy/",Hyundai,Creta New,"Антенна на крыше типа 'плавник',Боковые зеркала в цвет кузова,Задний противотуманный фонарь,Задний спойлер,Передние и задние брызговики,Ручки дверей в цвет кузова,Светодидные повторители сигналов поворота в корпусах наружных зеркал,Стальные диски 16' с шинами 205","Bluetooth,Кондиционер,Крючки для фиксации груза в багажнике,Маршрутный компьютер,Передние и задние электростеклоподъемники,Подогрев лобового стекла,Подогрев руля,Подогрев форсунок стеклоомывателя,Регулировка рулевой колонки по вылету,Регулировка рулевой колонки по высоте,Регулировка сиденья водителя по высоте,Трехступенчатый подогрев передних сидений,Управление аудиосистемой на руле,Электропривод складывания боковых зеркал,Электрорегулировки и подогрев наружных зеркал,Электроусилитель руля",,"4 динамика,Аудиосистема с цветным 8'' экраном и интеграцией со смартфонами (Apple CarPlay™",,"Внутренние ручки дверей с металлизированной отделкой,Дополнительный органайзер под полом багажника,Дополнительный разъем USB для подключения внешних устройств для задних пассажиров,Кожаная обивка руля (экокожа),Обивка сидений тканью,Полка багажника,Приборная панель c монохромным дисплеем TFT 3.5'',Разъем USB для подключения внешних устройств,Розетка 12В на центральной консоли и в багажнике,Складывающаяся спинка второго ряда сидений (в пропорции 60:40),Центральный подлокотник с боксом",,https://www.rolf.ru/contacts/rolf_yug/rolf_yug_hyundai/
https://www.rolf.ru/cars/new/hyundai/creta_new/stock_car528713/,,,,,,,,https://www.rolf.ru/image/ci9VUHRDYXVRbFdNcnRSVVFKZjhzZDF6dWpnKzdiRzVZQlltQ251RmpkZz0%3D.jpg,Lifestyle,2021,Внедорожник,Автоматическая,123 л.с.,1.6 л.,Бензин,Передний привод,Atlas White,,Бензин инжектор,,,1601,,123,,,,,,,,,,,,,,,,,,,,,,,,,,,,,,,,Россия,"г. Москва, ул. Обручева, д. 27","https://www.rolf.ru/cars/new/hyundai/creta_new/stock_car527195/,https://www.rolf.ru/cars/new/hyundai/creta_new/stock_car528240/,https://www.rolf.ru/cars/new/hyundai/creta_new/stock_car526237/","https://www.rolf.ru/all/offers/rolf_servis_zapustil_onlain-igru/,https://www.rolf.ru/offers/vykupim_vash_avtomobil_dengi_v_den_obrashcheniya/,https://www.rolf.ru/offers/rolf_probeg_programma_obratnogo_vykupa_avtomobilei/,https://www.rolf.ru/all/offers/wow_stavka_probeg/,https://www.rolf.ru/offers/oformite_elektronnyi_pts_v_rolf/,https://www.rolf.ru/offers/tehnicheskii_osmotr_transportnyh_sredstv/,https://www.rolf.ru/how-to-buy/",Hyundai,Creta New,"Антенна на крыше типа 'плавник',Боковые зеркала в цвет кузова,Внешние ручки дверей с хромированным элементом,Задний противотуманный фонарь,Задний спойлер,Легкосплавные диски 17' с шинами 215,Передние и задние брызговики,Ручки дверей в цвет кузова,Светодидные повторители сигналов поворота в корпусах наружных зеркал","Bluetooth,Выбор режима движения (Drive mode select, только для AT),Датчик дождя,Датчик света,Климат-контроль,Крючки для фиксации груза в багажнике,Маршрутный компьютер,Передние и задние электростеклоподъемники,Подогрев руля,Регулировка рулевой колонки по вылету,Регулировка рулевой колонки по высоте,Регулировка сиденья водителя по высоте,Система доступа в салон без ключа и кнопка запуска двигателя,Трехступенчатый подогрев передних сидений,Управление аудиосистемой на руле,Электропривод складывания боковых зеркал,Электрорегулировки и подогрев наружных зеркал,Электрорегулировки сиденья водителя в 6ти направлениях, включая поясничную поддержку,Электроусилитель руля",,"6 динамиков аудиосистемы,Аудиосистема с цветным 8'' экраном и интеграцией со смартфонами (Apple CarPlay™",,"Беспроводная зарядка для телефона,Внутренние ручки дверей с металлизированной отделкой,Дополнительный органайзер под полом багажника,Дополнительный разъем USB для подключения внешних устройств для задних пассажиров,Кожаная обивка рукоятки рычага переключения передач (экокожа),Кожаная обивка руля (экокожа),Обивка сидений тканью,Панель приборов Supervision с 7' цветным экраном,Подлокотник на втором ряду сидений,Полка багажника,Разъем USB для подключения внешних устройств,Розетка 12В на центральной консоли и в багажнике,Складывающаяся спинка второго ряда сидений (в пропорции 60:40),Центральный подлокотник с боксом",,https://www.rolf.ru/contacts/rolf_yug/rolf_yug_hyundai/
https://www.rolf.ru/cars/new/hyundai/h_1/stock_car522356/,,,,,,,,https://www.rolf.ru/image/ci9VUHRDYXVRbFdNcnRSVVFKZjhzWWpOcHlHY3k1K1Z3SDdWbDFwNk1zbz0%3D.jpg,Business,2021,Минивэн,Автоматическая,170 л.с.,2.5 л.,Дизель,Задний привод,Moonlight Cloud,,Дизель,,,2497,,170,,,,,,,,,,,,,,,,,,,,,,,,,,,,,,,,Россия,"г. Москва, ул. Обручева, д. 27","https://www.rolf.ru/cars/new/hyundai/h_1/stock_car522350/,https://www.rolf.ru/cars/new/hyundai/h_1/stock_car525753/,https://www.rolf.ru/cars/new/hyundai/h_1/stock_car525888/","https://www.rolf.ru/all/offers/rolf_servis_zapustil_onlain-igru/,https://www.rolf.ru/offers/vykupim_vash_avtomobil_dengi_v_den_obrashcheniya/,https://www.rolf.ru/offers/rolf_probeg_programma_obratnogo_vykupa_avtomobilei/,https://www.rolf.ru/all/offers/wow_stavka_probeg/,https://www.rolf.ru/offers/oformite_elektronnyi_pts_v_rolf/,https://www.rolf.ru/offers/tehnicheskii_osmotr_transportnyh_sredstv/,https://www.rolf.ru/how-to-buy/",Hyundai,H-1,"Боковой защитный молдинг,Двухцветная окраска кузова (окрашенный молдинг),Легкосплавные диски 17' с шинами 215,Наружние зеркала заднего вида, окрашенные в цвет кузова, с повторителями поворотов,Сдвижное боковое окно (для 2-го ряда сидений),Сдвижные боковые двери с двух сторон","Вентиляция сиденья водителя,Гидроусилитель руля,Датчик света,Дополнительный отопитель салона,Камера заднего вида с дисплеем в салонном зеркале,Климат-контроль с раздельным управлением (передние сиденья,Передние электростеклоподъёмники,Подогрев передних сидений,Подогрев руля,Регулировка рулевой колонки по высоте и вылету,Регулировка сиденья водителя по высоте,Самозатемняющееся внутрисалонное зеркало,Электропривод складывания наружних зеркал,Электростеклоподъемники водителя с опусканием",,Аудиосистема 2 DIN (радио,,"Комбинация натуральной и искусственной кожи в отделке сидений (бежевый цвет),Отделка руля и КПП кожей,Ручка на передней левой стойке в салоне,Светодиодное освещение задней части салона",#0f0d0d https://www.rolf.ru/cars/new/hyundai/h_1/stock_car525888/,https://www.rolf.ru/contacts/rolf_yug/rolf_yug_hyundai/
https://www.rolf.ru/cars/new/hyundai/h_1/stock_car522404/,,,,,,,,https://www.rolf.ru/image/ci9VUHRDYXVRbFdNcnRSVVFKZjhzYkN0bnFCKzdnSU4rMHVyd2J3Z2NRVT0%3D.jpg,Business,2021,Минивэн,Автоматическая,170 л.с.,2.5 л.,Дизель,Задний привод,Steel Graphite,,Дизель,,,2497,,170,,,,,,,,,,,,,,,,,,,,,,,,,,,,,,,,Россия,"г. Москва, ул. Обручева, д. 27","https://www.rolf.ru/cars/new/hyundai/h_1/stock_car522350/,https://www.rolf.ru/cars/new/hyundai/h_1/stock_car525753/,https://www.rolf.ru/cars/new/hyundai/h_1/stock_car522356/","https://www.rolf.ru/all/offers/rolf_servis_zapustil_onlain-igru/,https://www.rolf.ru/offers/vykupim_vash_avtomobil_dengi_v_den_obrashcheniya/,https://www.rolf.ru/offers/rolf_probeg_programma_obratnogo_vykupa_avtomobilei/,https://www.rolf.ru/all/offers/wow_stavka_probeg/,https://www.rolf.ru/offers/oformite_elektronnyi_pts_v_rolf/,https://www.rolf.ru/offers/tehnicheskii_osmotr_transportnyh_sredstv/,https://www.rolf.ru/how-to-buy/",Hyundai,H-1,"Боковой защитный молдинг,Двухцветная окраска кузова (окрашенный молдинг),Легкосплавные диски 17' с шинами 215,Наружние зеркала заднего вида, окрашенные в цвет кузова, с повторителями поворотов,Сдвижное боковое окно (для 2-го ряда сидений),Сдвижные боковые двери с двух сторон","Вентиляция сиденья водителя,Гидроусилитель руля,Датчик света,Дополнительный отопитель салона,Камера заднего вида с дисплеем в салонном зеркале,Климат-контроль с раздельным управлением (передние сиденья,Передние электростеклоподъёмники,Подогрев передних сидений,Подогрев руля,Регулировка рулевой колонки по высоте и вылету,Регулировка сиденья водителя по высоте,Самозатемняющееся внутрисалонное зеркало,Электропривод складывания наружних зеркал,Электростеклоподъемники водителя с опусканием",,Аудиосистема 2 DIN (радио,,"Комбинация натуральной и искусственной кожи в отделке сидений (бежевый цвет),Отделка руля и КПП кожей,Ручка на передней левой стойке в салоне,Светодиодное освещение задней части салона","#4a4a4a https://www.rolf.ru/cars/new/hyundai/h_1/stock_car522350/,#0f0d0d https://www.rolf.ru/cars/new/hyundai/h_1/stock_car525888/,#33415c https://www.rolf.ru/cars/new/hyundai/h_1/stock_car522356/",https://www.rolf.ru/contacts/rolf_yug/rolf_yug_hyundai/
https://www.rolf.ru/cars/new/hyundai/h_1/stock_car522350/,,,,,,,,https://www.rolf.ru/image/ci9VUHRDYXVRbFdNcnRSVVFKZjhzU09KaWxjTWNxdUxOb3A5T1hVVDB3ST0%3D.jpg,Business,2021,Минивэн,Автоматическая,170 л.с.,2.5 л.,Дизель,Задний привод,Steel Graphite,,Дизель,,,2497,,170,,,,,,,,,,,,,,,,,,,,,,,,,,,,,,,,Россия,"г. Москва, ул. Обручева, д. 27","https://www.rolf.ru/cars/new/hyundai/h_1/stock_car525753/,https://www.rolf.ru/cars/new/hyundai/h_1/stock_car522356/,https://www.rolf.ru/cars/new/hyundai/h_1/stock_car525888/","https://www.rolf.ru/all/offers/rolf_servis_zapustil_onlain-igru/,https://www.rolf.ru/offers/vykupim_vash_avtomobil_dengi_v_den_obrashcheniya/,https://www.rolf.ru/offers/rolf_probeg_programma_obratnogo_vykupa_avtomobilei/,https://www.rolf.ru/all/offers/wow_stavka_probeg/,https://www.rolf.ru/offers/oformite_elektronnyi_pts_v_rolf/,https://www.rolf.ru/offers/tehnicheskii_osmotr_transportnyh_sredstv/,https://www.rolf.ru/how-to-buy/",Hyundai,H-1,"Боковой защитный молдинг,Двухцветная окраска кузова (окрашенный молдинг),Легкосплавные диски 17' с шинами 215,Наружние зеркала заднего вида, окрашенные в цвет кузова, с повторителями поворотов,Сдвижное боковое окно (для 2-го ряда сидений),Сдвижные боковые двери с двух сторон","Вентиляция сиденья водителя,Гидроусилитель руля,Датчик света,Дополнительный отопитель салона,Камера заднего вида с дисплеем в салонном зеркале,Климат-контроль с раздельным управлением (передние сиденья,Передние электростеклоподъёмники,Подогрев передних сидений,Подогрев руля,Регулировка рулевой колонки по высоте и вылету,Регулировка сиденья водителя по высоте,Самозатемняющееся внутрисалонное зеркало,Электропривод складывания наружних зеркал,Электростеклоподъемники водителя с опусканием",,Аудиосистема 2 DIN (радио,,"Комбинация натуральной и искусственной кожи в отделке сидений (бежевый цвет),Отделка руля и КПП кожей,Ручка на передней левой стойке в салоне,Светодиодное освещение задней части салона","#0f0d0d https://www.rolf.ru/cars/new/hyundai/h_1/stock_car525888/,#33415c https://www.rolf.ru/cars/new/hyundai/h_1/stock_car522356/",https://www.rolf.ru/contacts/rolf_yug/rolf_yug_hyundai/
https://www.rolf.ru/cars/new/hyundai/h_1/stock_car525880/,,,,,,,,https://www.rolf.ru/image/ci9VUHRDYXVRbFdNcnRSVVFKZjhzYzVTRXRkUTNOZnE4dURMbFZLcEZTTT0%3D.jpg,Family,2021,Минивэн,Автоматическая,170 л.с.,2.5 л.,Дизель,Задний привод,Creamy White,,Дизель,,,2497,,170,,,,,,,,,,,,,,,,,,,,,,,,,,,,,,,,Россия,"г. Москва, ул. Обручева, д. 27","https://www.rolf.ru/cars/new/hyundai/h_1/stock_car522350/,https://www.rolf.ru/cars/new/hyundai/h_1/stock_car525753/,https://www.rolf.ru/cars/new/hyundai/h_1/stock_car522356/","https://www.rolf.ru/all/offers/rolf_servis_zapustil_onlain-igru/,https://www.rolf.ru/offers/vykupim_vash_avtomobil_dengi_v_den_obrashcheniya/,https://www.rolf.ru/offers/rolf_probeg_programma_obratnogo_vykupa_avtomobilei/,https://www.rolf.ru/all/offers/wow_stavka_probeg/,https://www.rolf.ru/offers/oformite_elektronnyi_pts_v_rolf/,https://www.rolf.ru/offers/tehnicheskii_osmotr_transportnyh_sredstv/,https://www.rolf.ru/how-to-buy/",Hyundai,H-1,"Легкосплавные диски 16' с шинами 215,Наружние зеркала заднего вида, окрашенные в цвет кузова, с повторителями поворотов,Сдвижные боковые двери с двух сторон","Гидроусилитель руля,Датчик света,Дополнительный отопитель салона,Климат-контроль с раздельным управлением (передние сиденья,Передние электростеклоподъёмники,Подогрев передних сидений,Подогрев руля,Регулировка рулевой колонки по высоте и вылету,Регулировка сиденья водителя по высоте,Самозатемняющееся внутрисалонное зеркало,Электропривод складывания наружних зеркал,Электростеклоподъемники водителя с опусканием",,Аудиосистема 2 DIN (радио,,"Обивка сидений тканью,Отделка руля и КПП кожей,Ручка на передней левой стойке в салоне,Светодиодное освещение задней части салона",#4a4a4a https://www.rolf.ru/cars/new/hyundai/h_1/stock_car525884/,https://www.rolf.ru/contacts/rolf_yug/rolf_yug_hyundai/
https://www.rolf.ru/cars/new/hyundai/santa_fe_new/stock_car528888/,,,,,,,,https://www.rolf.ru/image/ci9VUHRDYXVRbFdNcnRSVVFKZjhzZU5aR0JtYzEzUmNHZHcxbUJtYWZ6Zz0%3D.jpg,High-Tech 5 мест+Exclusive,2021,Внедорожник,Робот,199 л.с.,2.2 л.,Дизель,Полный привод,Abyss Black,,Дизель,,,2151,,199,,,,,,,,,,,,,,,,,,,,,,,,,,,,,,,,Россия,"г. Москва, Алтуфьевское шоссе, д. 31, корп. 1","https://www.rolf.ru/cars/new/hyundai/santa_fe_new/stock_car525190/,https://www.rolf.ru/cars/new/hyundai/santa_fe_new/stock_car528523/,https://www.rolf.ru/cars/new/hyundai/santa_fe_new/stock_car525254/","https://www.rolf.ru/all/offers/rolf_servis_zapustil_onlain-igru/,https://www.rolf.ru/offers/rolf_probeg_programma_obratnogo_vykupa_avtomobilei/,https://www.rolf.ru/all/offers/wow_stavka_probeg/,https://www.rolf.ru/offers/oformite_elektronnyi_pts_v_rolf/,https://www.rolf.ru/offers/rolf_probeg_ne_mojete_opredelitsya_kakoi_avtomobil_vybrat_reshenie_est/,https://www.rolf.ru/offers/kak_kupit_avtomobil_s_probegom_ne_vyhodya_iz_doma_vse_prosto_msk/,https://www.rolf.ru/how-to-buy/",Hyundai,Santa Fe,"Задние фонари со светодиодами,Защита порогов от загрязнения,Легкосплавные диски 20'' с шинами 255,Передние и задние брызговики,Повторители сигналов поворота в корпусах наружных зеркал,Подсветка околодверного пространства,Рейлинги на крыше,Хромированные решетка радиатора, боковые молдинги, элементы на заднем бампере,Электропривод складывания наружных зеркал","Автоматическое управление микроклиматом (подогрев рулевого колеса, вентиляция и подогрев сиденья водителя),Вентиляция передних сидений,Выбор режима движения (Drive mode select),Датчик света,Двухзонный климат-контроль с функцией антизапотевания лобового стекла,Дополнительный блок управления регулировками переднего пассажирского сиденья,Память настроек сиденья водителя (для двух водителей, сиденье, наружные зеркала),Подогрев задних сидений,Подогрев лобового стекла и форсунок стеклоомываетеля,Подогрев руля и передних сидений,Подрулевые лепестки переключения передач,Проекция показаний приборов на лобовое стекло,Регулировка передних ремней безопасности по высоте,Система доступа в салон без ключа и кнопка запуска двигателя,Система камер кругового обзора (SVM),Управление аудиосистемой на руле,Электрический обогреватель воздуха в салоне,Электронный селектор АКПП (переключение кнопками),Электропривод двери багажника с системой автоматического открывания,Электропривод и обогрев наружных зеркал,Электрорегулировка поясничной поддержки сиденья водителя,Электрорегулировка сиденья водителя в 14 направлениях,Электрорегулировка сиденья пассажира в 8 направлениях",,"Аудиосистема премиум-класса HARMAN,Навигационная система5) с 10,25' экраном и информацией о 'пробках'",Полноразмерное запасное колесо с легкосплавным диском,"Беcпроводное зарядное устройство (стандарт Qi),Комбинация натуральной и искусственной кожи в отделке интерьера,Контурная подсветка интерьера,Логотипы 'Santa Fe' в подсветке околодверного пространства,Остекление с дополнительной шумоизоляцией (лобовое и передние боковые стекла),Отделка руля кожей,Отделка руля перфорированой кожей,Панорамная крыша с люком,Разъемы USB для сидений первого и второго ряда,Регулировка продольного смещения и угла наклона сидений второго ряда,Розетка 12 В в багажном отделении,Самозатемняющееся зеркало заднего вида,Сетка для фиксации багажа,Складывание спинки второго ряда одним нажатием из багажника,Складывающаяся спинка второго ряда сидений (в пропорции 60:40),Тонировка стекол задней части салона (стекла задних боковых дверей и багажника),Центральный подлокотник с отсеком для хранения вещей,Цифровая панель приборов с цветным экраном 12,3',Шторка багажника,Шторки на задних боковых стеклах",#c0c0c0 https://www.rolf.ru/cars/new/hyundai/santa_fe_new/stock_car528687/,https://www.rolf.ru/contacts/rolf_altufevo/rolf_altufevo_hyundai/
https://www.rolf.ru/cars/new/hyundai/santa_fe_new/stock_car528719/,,,,,,,,https://www.rolf.ru/image/ci9VUHRDYXVRbFdNcnRSVVFKZjhzYTc1ZzN5VGQrODhqU2VZdzhBdEtocz0%3D.jpg,Lifestyle 5 мест+Smart Sense,2021,Внедорожник,Автоматическая,180 л.с.,2.5 л.,Бензин,Полный привод,White Cream,,Бензин инжектор,,,2497,,180,,,,,,,,,,,,,,,,,,,,,,,,,,,,,,,,Россия,"г. Москва, ул. Обручева, д. 27","https://www.rolf.ru/cars/new/hyundai/santa_fe_new/stock_car525883/,https://www.rolf.ru/cars/new/hyundai/santa_fe_new/stock_car528714/,https://www.rolf.ru/cars/new/hyundai/santa_fe_new/stock_car527193/","https://www.rolf.ru/all/offers/rolf_servis_zapustil_onlain-igru/,https://www.rolf.ru/offers/vykupim_vash_avtomobil_dengi_v_den_obrashcheniya/,https://www.rolf.ru/offers/rolf_probeg_programma_obratnogo_vykupa_avtomobilei/,https://www.rolf.ru/all/offers/wow_stavka_probeg/,https://www.rolf.ru/offers/oformite_elektronnyi_pts_v_rolf/,https://www.rolf.ru/offers/tehnicheskii_osmotr_transportnyh_sredstv/,https://www.rolf.ru/how-to-buy/",Hyundai,Santa Fe,"Защита порогов от загрязнения,Легкосплавные диски 17' с шинами 235,Передние и задние брызговики,Повторители сигналов поворота в корпусах наружных зеркал,Подсветка околодверного пространства,Рейлинги на крыше,Хромированные решетка радиатора, боковые молдинги, элементы на заднем бампере,Электропривод складывания наружных зеркал","Выбор режима движения (Drive mode select),Датчик света,Двухзонный климат-контроль с функцией антизапотевания лобового стекла,Камера заднего вида,Подогрев задних сидений,Подогрев лобового стекла и форсунок стеклоомываетеля,Подогрев руля и передних сидений,Подрулевые лепестки переключения передач,Регулировка передних ремней безопасности по высоте,Система доступа в салон без ключа и кнопка запуска двигателя,Управление аудиосистемой на руле,Электрический обогреватель воздуха в салоне,Электронный селектор АКПП (переключение кнопками),Электропривод двери багажника с системой автоматического открывания,Электропривод и обогрев наружных зеркал,Электрорегулировка поясничной поддержки сиденья водителя,Электрорегулировка сиденья водителя в 10 направлениях",,Мультимедиа система с 8'' экраном (Apple CarPlay™,Полноразмерное запасное колесо с легкосплавным диском,"Беcпроводное зарядное устройство (стандарт Qi),Комбинация натуральной и искусственной кожи в отделке интерьера,Остекление с дополнительной шумоизоляцией (лобовое и передние боковые стекла),Отделка руля кожей,Панель приборов Supervision 4.2',Разъемы USB для сидений первого и второго ряда,Регулировка продольного смещения и угла наклона сидений второго ряда,Розетка 12 В в багажном отделении,Самозатемняющееся зеркало заднего вида,Сетка для фиксации багажа,Складывание спинки второго ряда одним нажатием из багажника,Складывающаяся спинка второго ряда сидений (в пропорции 60:40),Центральный подлокотник с отсеком для хранения вещей,Шторка багажника",#333530 https://www.rolf.ru/cars/new/hyundai/santa_fe_new/stock_car528661/,https://www.rolf.ru/contacts/rolf_yug/rolf_yug_hyundai/
https://www.rolf.ru/cars/new/hyundai/santa_fe_new/stock_car528726/,,,,,,,,https://www.rolf.ru/image/ci9VUHRDYXVRbFdNcnRSVVFKZjhzZlRWcUZNWjcyazJ1c0VIbkpXM2dRST0%3D.jpg,Lifestyle 5 мест,2021,Внедорожник,Робот,199 л.с.,2.2 л.,Дизель,Полный привод,Lagoon Blue,,Дизель,,,2151,,199,,,,,,,,,,,,,,,,,,,,,,,,,,,,,,,,Россия,"г. Москва, ул. Обручева, д. 27","https://www.rolf.ru/cars/new/hyundai/santa_fe_new/stock_car525883/,https://www.rolf.ru/cars/new/hyundai/santa_fe_new/stock_car528714/,https://www.rolf.ru/cars/new/hyundai/santa_fe_new/stock_car527193/","https://www.rolf.ru/all/offers/rolf_servis_zapustil_onlain-igru/,https://www.rolf.ru/offers/vykupim_vash_avtomobil_dengi_v_den_obrashcheniya/,https://www.rolf.ru/offers/rolf_probeg_programma_obratnogo_vykupa_avtomobilei/,https://www.rolf.ru/all/offers/wow_stavka_probeg/,https://www.rolf.ru/offers/oformite_elektronnyi_pts_v_rolf/,https://www.rolf.ru/offers/tehnicheskii_osmotr_transportnyh_sredstv/,https://www.rolf.ru/how-to-buy/",Hyundai,Santa Fe,"Защита порогов от загрязнения,Легкосплавные диски 17' с шинами 235,Передние и задние брызговики,Повторители сигналов поворота в корпусах наружных зеркал,Подсветка околодверного пространства,Рейлинги на крыше,Хромированные решетка радиатора, боковые молдинги, элементы на заднем бампере,Электропривод складывания наружных зеркал","Выбор режима движения (Drive mode select),Датчик света,Двухзонный климат-контроль с функцией антизапотевания лобового стекла,Камера заднего вида,Подогрев задних сидений,Подогрев лобового стекла и форсунок стеклоомываетеля,Подогрев руля и передних сидений,Подрулевые лепестки переключения передач,Регулировка передних ремней безопасности по высоте,Система доступа в салон без ключа и кнопка запуска двигателя,Управление аудиосистемой на руле,Электрический обогреватель воздуха в салоне,Электронный селектор АКПП (переключение кнопками),Электропривод двери багажника с системой автоматического открывания,Электропривод и обогрев наружных зеркал,Электрорегулировка поясничной поддержки сиденья водителя,Электрорегулировка сиденья водителя в 10 направлениях",,Мультимедиа система с 8'' экраном (Apple CarPlay™,Полноразмерное запасное колесо с легкосплавным диском,"Беcпроводное зарядное устройство (стандарт Qi),Комбинация натуральной и искусственной кожи в отделке интерьера,Остекление с дополнительной шумоизоляцией (лобовое и передние боковые стекла),Отделка руля кожей,Панель приборов Supervision 4.2',Разъемы USB для сидений первого и второго ряда,Регулировка продольного смещения и угла наклона сидений второго ряда,Розетка 12 В в багажном отделении,Самозатемняющееся зеркало заднего вида,Сетка для фиксации багажа,Складывание спинки второго ряда одним нажатием из багажника,Складывающаяся спинка второго ряда сидений (в пропорции 60:40),Центральный подлокотник с отсеком для хранения вещей,Шторка багажника",,https://www.rolf.ru/contacts/rolf_yug/rolf_yug_hyundai/
https://www.rolf.ru/cars/new/hyundai/solaris_new/stock_car522413/,,,,,,,,https://www.rolf.ru/image/ci9VUHRDYXVRbFdNcnRSVVFKZjhzZHhYOTRQRFZZRHB6WERoYkVTa2NrVT0%3D.jpg,Comfort+Advanced,2021,Седан,Автоматическая,123 л.с.,1.6 л.,Бензин,Передний привод,Liquid Sand,,Бензин инжектор,,,1601,,123,,,,,,,,,,,,,,,,,,,,,,,,,,,,,,,,Россия,"г. Москва, ул. Обручева, д. 27","https://www.rolf.ru/all/offers/rolf_servis_zapustil_onlain-igru/,https://www.rolf.ru/offers/vykupim_vash_avtomobil_dengi_v_den_obrashcheniya/,https://www.rolf.ru/offers/rolf_probeg_programma_obratnogo_vykupa_avtomobilei/,https://www.rolf.ru/all/offers/wow_stavka_probeg/,https://www.rolf.ru/offers/oformite_elektronnyi_pts_v_rolf/,https://www.rolf.ru/offers/tehnicheskii_osmotr_transportnyh_sredstv/,https://www.rolf.ru/how-to-buy/","https://www.rolf.ru/all/offers/rolf_servis_zapustil_onlain-igru/,https://www.rolf.ru/offers/vykupim_vash_avtomobil_dengi_v_den_obrashcheniya/,https://www.rolf.ru/offers/rolf_probeg_programma_obratnogo_vykupa_avtomobilei/,https://www.rolf.ru/all/offers/wow_stavka_probeg/,https://www.rolf.ru/offers/oformite_elektronnyi_pts_v_rolf/,https://www.rolf.ru/offers/tehnicheskii_osmotr_transportnyh_sredstv/,https://www.rolf.ru/how-to-buy/",Hyundai,Solaris,"Внутренняя обшивка крышки багажника,Зеркала с электроприводом и обогревом,Ручки дверей и зеркала в цвет кузова,Стальные диски 15' с шинами 185,Увеличенный до 160 мм дорожный просвет,Уникальный дизайн решетки радиатора","Bluetooth,Bluetooth,USB зарядка для задних пассажиров,Воздуховоды к ногам задних пассажиров,Датчик наружной температуры,Датчик низкого уровня омывающей жидкости,Задние электростеклоподъемники,Климат-контроль,Кондиционер,Подогрев передних сидений,Подогрев руля,Пояcничная поддержка водителя (с электрорегулировкой),Регулировка рулевой колонки по вылету,Регулировка рулевой колонки по высоте,Регулировка сиденья водителя по высоте,Тройное мигание поворотников при неполном нажатии рычага,Управление аудиосистемой на руле,Управление телефоном на руле,Центральный подлокотник с боксом и регулировкой по длине,Шумоизоляция капота,Электростеклоподъемник водителя с опусканием,Электроусилитель руля",,"Аудиосистема с цветным 8'' экраном и интеграцией со смартфонами (Apple CarPlay™,Два дополнительных высокочастотных динамика,Панель приборов Supervision с цветным 4,2' экраном",,"Воздушный фильтр салона,Две розетки 12В на центральной консоли,Зеркальца в солнцезащитных козырьках,Карман в спинке кресла переднего пассажира,Лампы салонного освещения,Отделка руля кожей,Передние электростеклоподъёмники,Разъем USB для подключения внешних устройств,Складывающаяся спинка второго ряда сидений (в пропорции 60:40),Тканевая вставка в дверях","#636363 https://www.rolf.ru/cars/new/hyundai/solaris_new/stock_car522414/,#000000 https://www.rolf.ru/cars/new/hyundai/solaris_new/stock_car522377/,#866641 https://www.rolf.ru/cars/new/hyundai/solaris_new/stock_car528244/,#ffffff https://www.rolf.ru/cars/new/hyundai/solaris_new/stock_car528712/",https://www.rolf.ru/contacts/rolf_yug/rolf_yug_hyundai/
https://www.rolf.ru/cars/new/hyundai/solaris_new/stock_car527357/,,,,,,,,https://www.rolf.ru/image/ci9VUHRDYXVRbFdNcnRSVVFKZjhzWTdlcG1yaHVpbnhwTjZmNjZQQzF1OD0%3D.jpg,Elegance,2021,Седан,Автоматическая,123 л.с.,1.6 л.,Бензин,Передний привод,Liquid Sand,,Бензин инжектор,,,1601,,123,,,,,,,,,,,,,,,,,,,,,,,,,,,,,,,,Россия,"г. Москва, ул. Обручева, д. 27","https://www.rolf.ru/cars/new/hyundai/solaris_new/stock_car522414/,https://www.rolf.ru/cars/new/hyundai/solaris_new/stock_car522385/,https://www.rolf.ru/cars/new/hyundai/solaris_new/stock_car528711/","https://www.rolf.ru/all/offers/rolf_servis_zapustil_onlain-igru/,https://www.rolf.ru/offers/vykupim_vash_avtomobil_dengi_v_den_obrashcheniya/,https://www.rolf.ru/offers/rolf_probeg_programma_obratnogo_vykupa_avtomobilei/,https://www.rolf.ru/all/offers/wow_stavka_probeg/,https://www.rolf.ru/offers/oformite_elektronnyi_pts_v_rolf/,https://www.rolf.ru/offers/tehnicheskii_osmotr_transportnyh_sredstv/,https://www.rolf.ru/how-to-buy/",Hyundai,Solaris,"Внутренняя обшивка крышки багажника,Зеркала с электроприводом и обогревом,Легкосплавные диски 15' с шинами 185,Ручки дверей и зеркала в цвет кузова,Увеличенный до 160 мм дорожный просвет,Хромированная отделка подоконной линии и решетки радиатора","Bluetooth,Bluetooth,USB зарядка для задних пассажиров,Воздуховоды к ногам задних пассажиров,Датчик наружной температуры,Датчик низкого уровня омывающей жидкости,Задние электростеклоподъемники,Климат-контроль,Подогрев лобового стекла,Подогрев передних сидений,Подогрев руля,Подогрев форсунок стеклоомывателя,Пояcничная поддержка водителя (с электрорегулировкой),Регулировка рулевой колонки по вылету,Регулировка рулевой колонки по высоте,Регулировка сиденья водителя по высоте,Тройное мигание поворотников при неполном нажатии рычага,Управление аудиосистемой на руле,Управление телефоном на руле,Центральный подлокотник с боксом и регулировкой по длине,Шумоизоляция капота,Электростеклоподъемник водителя с опусканием,Электроусилитель руля",,"Аудиосистема с цветным 8'' экраном и интеграцией со смартфонами (Apple CarPlay™,Два дополнительных высокочастотных динамика,Панель приборов Supervision с цветным 4,2' экраном",,"Воздушный фильтр салона,Две розетки 12В на центральной консоли,Зеркальца в солнцезащитных козырьках,Карман в спинке кресла переднего пассажира,Лампы салонного освещения,Отделка руля кожей,Передние электростеклоподъёмники,Разъем USB для подключения внешних устройств,Складывающаяся спинка второго ряда сидений (в пропорции 60:40),Тканевая вставка в дверях,Футляр для очков в потолочной консоли","#866641 https://www.rolf.ru/cars/new/hyundai/solaris_new/stock_car522412/,#bdc1c4 https://www.rolf.ru/cars/new/hyundai/solaris_new/stock_car522376/",https://www.rolf.ru/contacts/rolf_yug/rolf_yug_hyundai/
https://www.rolf.ru/cars/new/hyundai/santa_fe_new/stock_car528687/,,,,,,,,https://www.rolf.ru/image/ci9VUHRDYXVRbFdNcnRSVVFKZjhzVFo5bDhmdm1hQ2Fpd1hyVTNYcVRuaz0%3D.jpg,High-Tech 5 мест+Exclusive,2021,Внедорожник,Робот,199 л.с.,2.2 л.,Дизель,Полный привод,Typhoon Silver,,Дизель,,,2151,,199,,,,,,,,,,,,,,,,,,,,,,,,,,,,,,,,Россия,"г. Химки, Ленинградское шоссе, вл. 21","https://www.rolf.ru/cars/new/hyundai/santa_fe_new/stock_car522082/,https://www.rolf.ru/cars/new/hyundai/santa_fe_new/stock_car522075/,https://www.rolf.ru/cars/new/hyundai/santa_fe_new/stock_car522065/","https://www.rolf.ru/all/offers/rolf_servis_zapustil_onlain-igru/,https://www.rolf.ru/offers/rolf_probeg_programma_obratnogo_vykupa_avtomobilei/,https://www.rolf.ru/all/offers/wow_stavka_probeg/,https://www.rolf.ru/offers/oformite_elektronnyi_pts_v_rolf/,https://www.rolf.ru/offers/srochnyi_dorogoi_vykup_v_rolf_himki/,https://www.rolf.ru/offers/rolf_probeg_ne_mojete_opredelitsya_kakoi_avtomobil_vybrat_reshenie_est/,https://www.rolf.ru/how-to-buy/",Hyundai,Santa Fe,"Задние фонари со светодиодами,Защита порогов от загрязнения,Легкосплавные диски 20'' с шинами 255,Передние и задние брызговики,Повторители сигналов поворота в корпусах наружных зеркал,Подсветка околодверного пространства,Рейлинги на крыше,Хромированные решетка радиатора, боковые молдинги, элементы на заднем бампере,Электропривод складывания наружных зеркал","Автоматическое управление микроклиматом (подогрев рулевого колеса, вентиляция и подогрев сиденья водителя),Вентиляция передних сидений,Выбор режима движения (Drive mode select),Датчик света,Двухзонный климат-контроль с функцией антизапотевания лобового стекла,Дополнительный блок управления регулировками переднего пассажирского сиденья,Память настроек сиденья водителя (для двух водителей, сиденье, наружные зеркала),Подогрев задних сидений,Подогрев лобового стекла и форсунок стеклоомываетеля,Подогрев руля и передних сидений,Подрулевые лепестки переключения передач,Проекция показаний приборов на лобовое стекло,Регулировка передних ремней безопасности по высоте,Система доступа в салон без ключа и кнопка запуска двигателя,Система камер кругового обзора (SVM),Управление аудиосистемой на руле,Электрический обогреватель воздуха в салоне,Электронный селектор АКПП (переключение кнопками),Электропривод двери багажника с системой автоматического открывания,Электропривод и обогрев наружных зеркал,Электрорегулировка поясничной поддержки сиденья водителя,Электрорегулировка сиденья водителя в 14 направлениях,Электрорегулировка сиденья пассажира в 8 направлениях",,"Аудиосистема премиум-класса HARMAN,Навигационная система5) с 10,25' экраном и информацией о 'пробках'",Полноразмерное запасное колесо с легкосплавным диском,"Беcпроводное зарядное устройство (стандарт Qi),Комбинация натуральной и искусственной кожи в отделке интерьера,Контурная подсветка интерьера,Логотипы 'Santa Fe' в подсветке околодверного пространства,Остекление с дополнительной шумоизоляцией (лобовое и передние боковые стекла),Отделка руля кожей,Отделка руля перфорированой кожей,Панорамная крыша с люком,Разъемы USB для сидений первого и второго ряда,Регулировка продольного смещения и угла наклона сидений второго ряда,Розетка 12 В в багажном отделении,Самозатемняющееся зеркало заднего вида,Сетка для фиксации багажа,Складывание спинки второго ряда одним нажатием из багажника,Складывающаяся спинка второго ряда сидений (в пропорции 60:40),Тонировка стекол задней части салона (стекла задних боковых дверей и багажника),Центральный подлокотник с отсеком для хранения вещей,Цифровая панель приборов с цветным экраном 12,3',Шторка багажника,Шторки на задних боковых стеклах",#000000 https://www.rolf.ru/cars/new/hyundai/santa_fe_new/stock_car528888/,https://www.rolf.ru/contacts/rolf_himki/rolf_himki_hyundai/
https://www.rolf.ru/cars/new/hyundai/solaris_new/stock_car522414/,,,,,,,,https://www.rolf.ru/image/ci9VUHRDYXVRbFdNcnRSVVFKZjhzYnpyUDg0ZDFsRUlKODhSVHlGbkNNUT0%3D.jpg,Comfort+Advanced,2021,Седан,Автоматическая,123 л.с.,1.6 л.,Бензин,Передний привод,Star Dust,,Бензин инжектор,,,1601,,123,,,,,,,,,,,,,,,,,,,,,,,,,,,,,,,,Россия,"г. Москва, ул. Обручева, д. 27","https://www.rolf.ru/cars/new/hyundai/solaris_new/stock_car522385/,https://www.rolf.ru/cars/new/hyundai/solaris_new/stock_car528711/,https://www.rolf.ru/cars/new/hyundai/solaris_new/stock_car527198/","https://www.rolf.ru/all/offers/rolf_servis_zapustil_onlain-igru/,https://www.rolf.ru/offers/vykupim_vash_avtomobil_dengi_v_den_obrashcheniya/,https://www.rolf.ru/offers/rolf_probeg_programma_obratnogo_vykupa_avtomobilei/,https://www.rolf.ru/all/offers/wow_stavka_probeg/,https://www.rolf.ru/offers/oformite_elektronnyi_pts_v_rolf/,https://www.rolf.ru/offers/tehnicheskii_osmotr_transportnyh_sredstv/,https://www.rolf.ru/how-to-buy/",Hyundai,Solaris,"Внутренняя обшивка крышки багажника,Зеркала с электроприводом и обогревом,Ручки дверей и зеркала в цвет кузова,Стальные диски 15' с шинами 185,Увеличенный до 160 мм дорожный просвет,Уникальный дизайн решетки радиатора","Bluetooth,Bluetooth,USB зарядка для задних пассажиров,Воздуховоды к ногам задних пассажиров,Датчик наружной температуры,Датчик низкого уровня омывающей жидкости,Задние электростеклоподъемники,Климат-контроль,Кондиционер,Подогрев передних сидений,Подогрев руля,Пояcничная поддержка водителя (с электрорегулировкой),Регулировка рулевой колонки по вылету,Регулировка рулевой колонки по высоте,Регулировка сиденья водителя по высоте,Тройное мигание поворотников при неполном нажатии рычага,Управление аудиосистемой на руле,Управление телефоном на руле,Центральный подлокотник с боксом и регулировкой по длине,Шумоизоляция капота,Электростеклоподъемник водителя с опусканием,Электроусилитель руля",,"Аудиосистема с цветным 8'' экраном и интеграцией со смартфонами (Apple CarPlay™,Два дополнительных высокочастотных динамика,Панель приборов Supervision с цветным 4,2' экраном",,"Воздушный фильтр салона,Две розетки 12В на центральной консоли,Зеркальца в солнцезащитных козырьках,Карман в спинке кресла переднего пассажира,Лампы салонного освещения,Отделка руля кожей,Передние электростеклоподъёмники,Разъем USB для подключения внешних устройств,Складывающаяся спинка второго ряда сидений (в пропорции 60:40),Тканевая вставка в дверях","#000000 https://www.rolf.ru/cars/new/hyundai/solaris_new/stock_car522377/,#866641 https://www.rolf.ru/cars/new/hyundai/solaris_new/stock_car528244/,#ffffff https://www.rolf.ru/cars/new/hyundai/solaris_new/stock_car528712/,#c6bea9 https://www.rolf.ru/cars/new/hyundai/solaris_new/stock_car522413/",https://www.rolf.ru/contacts/rolf_yug/rolf_yug_hyundai/